tag_id,tag
0,핑크퐁
1,pinkfong
2,어린이
3,키즈
4,유치원
5,애니메이션
6,교육
7,자녀교육
8,유치원교육
9,어린이동영상
10,동요
11,동화
12,아기상어
13,상어가족
14,어린이노래
15,어린이동요
16,nurseryrhyme
17,핑크퐁동요
18,핑크퐁동화
19,체조
20,핑크퐁 체조
21,어린이 동요
22,아기 동요
23,유아 동요
24,kids song
25,어린이 교육 동요
26,아기상어 리믹스
27,아기상어 반복
28,동요 모음
29,babyshark
30,aprender coreano
31,어린이 노래
32,ehddy
33,vldzmvhdd
34,인기동요
35,핑 크 퐁
36,핑크퐁 틀어 줘
37,핑크퐁 라이브
38,pinkfong live
39,핑크퐁실시간
40,핑크퐁 실시간
41,동요 실시간
42,인기동요 라이브
43,동요 라이브
44,아기상어 틀어줘
45,핑 크퐁 틀어줘
46,2024 동요
47,vldzmvhd
48,동요 24시간
49,24시간 동화
50,핑크 퐁
51,아기상어 무한반복
52,크리스마스 동요
53,최신동요
54,best 동요
55,2024 인기동요
56,인기 동요
57,자동차 수리놀이
58,핑크퐁 도둑잡기
59,튼튼쌤
60,호이
61,belajar bahasa korea
62,korea
63,learning korean
64,가족
65,교육동영상
66,교육애니메이션
67,교육앱
68,아동
69,아동교육
70,아동동영상
71,아동애니메이션
72,어린이교육
73,어린이애니메이션
74,유아
75,유아교육
76,유아동영상
77,유아애니메이션
78,유아앱
79,키즈앱
80,핑크풍
81,인기동요모음
82,핑크퐁 인기동요모음
83,동요 2024
84,2024년 동요
85,우당탕탕 해결사 튼튼쌤
86,호이의 놀이교실
87,거대 상어
88,오싹오싹 정글
89,오싹오싹 명작동화
90,베스트 동요
91,노래
92,동영상
93,미취학아동
94,보들북
95,크리스마스
96,흰눈사이로
97,징글벨
98,크리스마스 캐롤
99,크리스마스 캐럴
100,크리스마스 캐롤 동요
101,크리스마스 캐럴 동요
102,캐롤동요모음
103,캐럴 동요
104,산타할아버지
105,크리스마스 동화
106,크리스마스 동화뮤지컬
107,크리스마스 동화 모음
108,핑크퐁 크리스마스 동화
109,호두까기 인형
110,스크루지 할아버지
111,산타
112,핑크퐁 크리스마스
113,크리스마스 놀이
114,크리스마스 썰매
115,산타할아버지 동화
116,징글벨 동요
117,캐롤동요
118,캐롤동요 메들리
119,산타할아버지 동요
120,산타의 색깔이 사라졌어요
121,산타의 색깔놀이
122,경찰관
123,경찰 동화
124,경찰차
125,도둑잡기 놀이
126,경찰 동요
127,경찰 게임
128,경찰과 도둑 게임
129,어린이 게임
130,요이요이 경찰차
131,전래동화
132,전래동화 핑크퐁
133,전래동화 호랑이
134,전래동화 모음
135,세계명작동화
136,핑크퐁 동화
137,핑크퐁 동화모음
138,늑대동화
139,핑크퐁 튼튼쌤
140,튼튼샘
141,첫눈챌린지
142,니니모
143,핑크퐁 니니모
144,핑크퐁과 호기 새친구 니니모
145,고양이
146,고양이 승부욕
147,크리스마스 병원놀이
148,병원놀이
149,아기상어 병원놀이
150,눈사람
151,진저브레드 쿠키
152,올라프
153,캐럴동요
154,크리스마스 율동
155,캐롤 율동
156,율동체조
157,튼튼쌤 율동체조
158,튼튼쌤 율동
159,캐롤 동요
160,거짓말은 안 돼요
161,신나는 캐롤
162,어린이 캐롤
163,산타수염찾기
164,산타할아버지 노래
165,아기돌보기
166,핑크퐁 자동차 수리놀이
167,경찰차 바퀴가 고장났어요
168,포크레인 팔에 고장났어요
169,좀비경찰차
170,정비놀이
171,자동차 정비 동화
172,크리스마스 아기상어
173,병원친구
174,핑크퐁 병원놀이
175,병원 가기 싫어요
176,의사 역할놀이
177,역할놀이
178,의사 병원놀이
179,아기상어병원놀이
180,동물 병원 놀이
181,크리스마스 상어가족
182,어린이 캐롤 모음
183,찾기놀이
184,어디있나 동요
185,분장놀이
186,눈코입 찾기
187,손가락놀이
188,손가락 놀이
189,크리스마스동요
190,놀이친구
191,핑크퐁 도둑
192,핑크퐁도둑
193,cat meme
194,ninimo shorts
195,핑크퐁 뮤지컬
196,아기상어 뮤지컬
197,아기상어 뮤지컬 무지개
198,핑크퐁 뮤지컬 무지개
199,어린이 뮤지컬
200,무지개 구출 작전
201,크리스마스 노래
202,underneath the tree
203,under neon lights max anson
204,아기상어 숨바꼭질
205,산타 숨바꼭질
206,크리스마스동화
207,아기상어 크리스마스 동화
208,숨바꼭질
209,겨울동요
210,겨울동요모음
211,겨울 동요
212,겨울노래
213,어린이 겨울 동요
214,손이 시려워 동요
215,손이 시려워 꽁
216,캐럴
217,캐롤
218,산타 수염 찾기
219,어디갔나 동요
220,과학동요
221,과학 동요
222,핑크퐁 과학동요
223,과학동화
224,어린이 과학동화
225,동물동요
226,동물동요 핑크퐁
227,과학 동영상
228,과학탐험대
229,동물만화
230,상어 범고래
231,상어 범고래 싸움
232,상어 vs 범고래
233,범고래
234,이거알아 동요
235,oops i did it again
236,캐롤 틀어 줘
237,어린이 동화
238,어린이 동화 오디오북
239,핑크퐁과 호기 새 친구 니니모
240,핑크퐁과 호기
241,핑크퐁 호기 니니모
242,핑크퐁 원더스타 시즌2
243,공룡
244,공룡 병원
245,공룡 병원놀이
246,병원놀이 공룡
247,아기상어 크리스마스
248,핑크퐁 캐롤
249,울면안돼
250,산타할아버노래
251,루돌프사슴코
252,캥거루
253,산미치광이
254,독화살 개구리
255,파란고리문어
256,캥거루 근육
257,케이프호저
258,몽키바나나
259,몽키 바나나
260,몽키 바나나송
261,몽키바나나송
262,monkey banana
263,핑크퐁 호이
264,핑크퐁 호이의 놀이교실
265,문샤크
266,double tap moon shark
267,moonshark
268,홈스쿨링
269,자동차 정비놀이
270,포크레인
271,핑크퐁 포크레인
272,핑크퐁 중장비
273,핑크퐁 정비소
274,할로윈 동요
275,병원놀이 동요
276,아기 상어 병원
277,어디가 아파서 오셨나요
278,아기상어 종합병원
279,치카송
280,응가송
281,응가송 핑크퐁
282,비만예방체조
283,비만예방정글체조
284,생활습관
285,생활습관동요
286,유아생활체조
287,율동체조 핑크퐁
288,율동체조모음
289,율동교실
290,율동 동요
291,양치송
292,치카치카송
293,치카치카 댄스
294,뿡뿡 응가체조
295,핑크퐁 자동차
296,자동차수리놀이
297,자동차 수리놀이 좀비
298,버스동요
299,의사선생님 출동
300,의사 선생님 출동
301,의사 선생님 노래
302,핑크퐁 의사선생님
303,감기조심
304,감기예방
305,감기예방송
306,독감예방송
307,감기송
308,#니니모
309,shorts
310,단풍잎
311,단풍
312,가을
313,가을소풍
314,가을소풍동요
315,가을동요
316,핑크퐁 가을동요
317,핑크퐁 가을소풍
318,단풍놀이
319,튼튼맨
320,직업동요
321,핑크퐁 직업동요
322,직업동요모음
323,소방관
324,의사
325,선생님
326,요리사
327,어린이 꿈 노래
328,어린이 꿈 동요
329,핑크퐁 경찰차
330,핑크퐁 정비공
331,경찰차 수리
332,자동차
333,아기상어 율동
334,아기상어 모음
335,아기상어 모음집
336,아기상어 뚜루루
337,뚜루루뚜루
338,아기상어와 노래해요
339,어린이동요모음
340,알록달록 상어가족
341,대왕상어
342,대왕상어가 쫓아온다
343,핑크퐁 대왕 상어
344,어린이 놀이 동요
345,핑크퐁 체조 모음
346,랄랄
347,랄랄 고양이
348,랄랄 고양이 나오세요
349,고양이 나오세요
350,아기 몽키 바나나
351,아기상어 몽키
352,몽키 바나나 노래
353,색깔배우기
354,색깔노래
355,색깔노래동요
356,색깔동요
357,할로윈
358,할로윈동요
359,할로윈동화
360,할로윈 동화
361,할로윈 놀이
362,할로윈 tv
363,핑크퐁 할로윈
364,할로윈 몬스터
365,할로윈 노래
366,어린이집 할로윈
367,핼러윈
368,할로윈 분장 메이크업
369,할로윈 분장
370,할로윈 핑크퐁
371,좀비동물
372,할로윈 아기상어
373,아기상어 병원놀이 할로윈
374,할로윈 병원놀이
375,튼튼 쌤
376,안전 히어로 튼튼쌤
377,할로윈 체조
378,할로윈 율동
379,나야 나 귀요미
380,나야나귀요미
381,핑크퐁 나야나 귀요미
382,할로윈놀이
383,wheels on the bus
384,버스가 달려요 부릉부릉
385,할로윈영어노래
386,할로윈영어
387,할로윈영어동요
388,할로윈 영어 노래
389,할로윈 영어
390,할로윈 영어동요
391,핑크퐁 할로윈 영어
392,할로윈 동요 모음
393,핑크퐁 할로윈 동요
394,할로윈 상어가족
395,할로윈 상어
396,아기상어 할로윈
397,유치원 할로윈
398,니니모 오이
399,니니모 오이싫어
400,오싫모 니니모
401,손가락놀이동요
402,아기상어 오늘 기분이 어때
403,기분표현
404,정서발달
405,어린이 정서발달
406,감정표현
407,감정표현 교육
408,감정송
409,신나는 동요
410,아기 감정표현
411,아기 감정조절
412,아기 상어 감정
413,공룡동요
414,공룡만화
415,공룡동화
416,공룡동화 핑크퐁
417,공룡유치원
418,공룡 유치원
419,애완공룡
420,핑크퐁 애완공룡
421,애완공룡 티라노
422,티라노 사우루스 렉스
423,티라노 체조
424,아기 티라노 체조
425,핑거패밀리
426,핑거패밀리 동요
427,손가락 놀이 상어 가족
428,할로윈노래
429,할로윈 마녀
430,할로윈 해골
431,핼러윈 동요
432,핼러윈동요
433,뱀파이어
434,할로윈 몬스터 송
435,핑크퐁 할로윈 노래
436,꼬리 찾기
437,ninimo
438,춤발라카
439,춤발라
440,춤발라 카춤발라
441,춤발라송
442,할로윈 사탕
443,정서발달 동요
444,경찰차바퀴가고장났어요
445,할로윈 자동차
446,핑크퐁 할로윈 자동차
447,신세계사이먼 프리미엄 아울렛
448,신세계사이먼 부산
449,핑크퐁과 튼튼쌤 댄스파티
450,핑크퐁 할로윈동요
451,어린이 할로윈 노래
452,베베핀 거짓말
453,베베핀 거짓말은
454,yes papa song
455,한글동요
456,한글 동요
457,한글떼기
458,한글 떼기
459,한글떼기 홈스쿨
460,한글떼기 영상
461,한글 동요 모음
462,핑크퐁 한글
463,공부친구
464,한글날
465,한글날 노래
466,한글공부
467,한글공부 모음
468,쉿 아기 고양이
469,쉿 나의 아기 고양이
470,니니모 쇼츠
471,니니모 노래
472,호기
473,핑크퐁 호기
474,핑크퐁 호기 원더스타
475,유령 동요
476,오싹오싹
477,핑크퐁 오싹오싹
478,할로윈 어린이
479,핑크퐁 오싹오싹 정글
480,핑크퐁 오싹오싹 할로윈
481,핑크퐁 오싹오싹 동화
482,튼튼쌤 우당탕탕
483,튼튼쌤 핑크퐁
484,메갈로돈
485,pinkfong hoi
486,super solver sammy
487,할로윈동요모음집
488,할로윈 아기상어 노래
489,좀비 아기상어
490,유령 아기상어
491,마녀 아기상어
492,아기상어 뚜루루뚜루
493,할로윈 춤발라카
494,chumbala cachumbala
495,ninimo song
496,니니모송
497,아기 고양이
498,아기상어 게임
499,핑크퐁 원더스타
500,화가 날 땐 셋까지 세어 봐
501,어린이 인성동요
502,슈퍼구조대
503,핑크퐁 슈퍼구조대
504,핑크퐁 슈퍼구조대 노래
505,슈퍼 구조대
506,슈퍼 구조대 핑크퐁
507,자동차동요
508,자동차만화
509,자동차 애니메이션
510,자동차 동요
511,자동차 동화
512,수수께끼
513,수수께끼 놀이
514,어린이집 퀴즈
515,어린이집 놀이
516,핑크퐁 수수께끼
517,핑크퐁 찾기
518,찾기 게임
519,소방차
520,소방차노래
521,아기상어 할로윈 노래
522,오싹오싹 노래
523,원더스타
524,원더스타 핑크퐁
525,어린이 애니메이션
526,어린이 애니메이션 영화
527,자장가
528,자장가동요
529,자장가 광고없음
530,핑크퐁 자장가
531,자장가모음
532,아기수면음악
533,아기수면음악자장가
534,아이에게
535,엄마의 자장가
536,아빠의 자장가
537,자장가 핑크퐁
538,핑크퐁 아이에게
539,아기상어 아이에게
540,호기 원더스타
541,알록달록 상어
542,대왕 상어
543,핑크퐁 호기와 도둑자동차
544,핑크퐁 원더스타 시즌1
545,추석
546,추석동요
547,추석 동요
548,먹방
549,핑크퐁 먹방
550,pinkfong mukbang
551,mukbang
552,추석먹방
553,명절음식
554,japchae mukbang
555,상어가족 숨바꼭질
556,핑크퐁 상어가족 숨바꼭질
557,상어가족 숨바꼭질 몰아보기
558,추석 몰아보기
559,조카 놀아주기
560,송편동요
561,송편
562,송편만들기
563,전래동화모음
564,명작동화
565,명작동화연속듣기
566,핑크퐁 오싹오싹 명작동화
567,오싹오싹 명작
568,핑크퐁 전래동화
569,핑크퐁 추석
570,추석동화
571,동화모음
572,요리놀이
573,아기상어 요리놀이
574,어린이 요리교실
575,오싹오싹 바닷속 괴물
576,오싹오싹 바닷속
577,케이크만들기
578,어린이 케이크 만들기
579,추석 동요 모음
580,명절동요
581,핑크퐁 명절동요
582,귀경길 노래
583,어린이 추석
584,추석인사
585,아기상어 추석
586,가을 동요
587,차에서 동요
588,안전히어로 튼튼쌤
589,우당탕탕해결사
590,우당탕탕 해결사
591,pinkfong super silver sammy
592,튼튼쌤 전화
593,모래그림
594,모래그림그리기
595,놀이터 놀이
596,주말 아이와
597,가을동요모음
598,가을동요연속듣기
599,아기 소풍
600,어린이 요리 교실
601,아기상어 요리
602,아기 요리놀이
603,티라노사우루스
604,티라노사우루스 렉스
605,튼튼쌤 안전
606,생일축하노래
607,생일 축하 노래
608,생일축하
609,생일축하송
610,생일축하합니다
611,생일노래
612,생일노래모음
613,생일축하 동요
614,핑크퐁 생일축하
615,핑크퐁 생일
616,핑크퐁 생일축하송
617,한가위
618,한가위동요
619,한가위 동요
620,추석 특집
621,#추석특집
622,명절 차에서 듣는 노래
623,달달 둥근달
624,강강술래 노래
625,강강술래 동요
626,생일
627,핑크퐁 생일축하해
628,팝콘만들기
629,어린이 요리
630,어린이 요리활동
631,도둑아기상어
632,도둑 상어
633,핑크퐁 도둑 상어
634,색깔 상어
635,아기 상어 색깔
636,아기 상어 색깔 놀이
637,상어 가족 색깔 놀이
638,아기상어의달
639,shark month
640,경찰놀이
641,경찰과 악당
642,pretend play
643,pretend play police
644,핑크퐁 의사놀이
645,아기상어 의사
646,아기상어 락버전
647,아기상어 락스타
648,아기상어 밴드
649,아기상어 밴드버전
650,핑크퐁 여름
651,여름간식
652,빙수
653,빙수 먹방
654,빙수 만들기
655,bingsu
656,bingsu mukbang
657,상어가족 요리
658,아이스크림
659,어린이 아이스크림 만들기
660,도둑상어
661,도둑 아기상어
662,오운완
663,두근득근오운완
664,CU
665,씨유
666,인증샷
667,운동
668,헬스
669,방탈출
670,escape lava
671,escape room
672,용암 챌린지
673,용암탈출
674,용암탈출놀이
675,the floor is lava
676,lava challenge
677,super silver sammy
678,pinkfong sammy
679,turns invisible
680,투명인간
681,술래잡기
682,술래잡기 놀이
683,아기상어 노래
684,아기상어 리믹스 1시간
685,상어가족 리믹스
686,상어가족 무한반복
687,아기상어체조
688,엔하이픈
689,엔하이픈 xo
690,enhypen
691,enhypen xo
692,엔하이픈 xo 댄스커버
693,엔하이픈 xo 안무
694,enhypen xo dance
695,니니모 게임
696,고양이게임
697,고양이수프
698,힐링게임
699,고양이 힐링 게임
700,타이쿤 게임
701,타이쿤 게임 모바일
702,타이쿤 게임 추천
703,타이쿤 게임 추천 모바일
704,타이쿤게임 추천
705,도둑 상어가족
706,아기상어 놀이
707,요리교실
708,치과놀이
709,아기상어 치과놀이
710,아기상어 색깔놀이
711,아기상어 숨바꼭질 모음
712,아기상어 병원놀이 몰아보기
713,키즈카페
714,아이스크림 동요
715,아이스크림 트럭이다
716,pretend play selling ice cream
717,sammy pinkfong
718,튼튼쌤 용암
719,pinkfong lava
720,동물동요모음
721,동물 동요
722,어린이 동물 동요
723,동물 노래
724,동물 노래 모음
725,토끼송
726,정글동물
727,바다동물
728,농장동물
729,농장동물 핑크퐁
730,동물의왕사자
731,emoji mukbang
732,이모지 먹방
733,이모지 먹방 쇼츠
734,핑크퐁 겨울 간식 먹방
735,여름간식 먹방
736,아기상어 모든버전
737,아기상어 다른버전
738,숨바꼭질 놀이
739,꼭꼭숨어라
740,튼튼쌤 율동체조2
741,안전히어로
742,핑크퐁 튼튼쌤 율동체조
743,장난감
744,랜덤박스
745,박스 챌린지
746,챌린지
747,mystery box
748,box challenge
749,mysterious challenge
750,슬라임
751,슬라임 바풍
752,바풍
753,아 기상어
754,아기 상어
755,아기 상어 노래
756,아기 상어 뚜루뚜루
757,아기상어 무한반복 율동
758,아기상어 율동체조
759,핑크퐁 아기상어
760,득근
761,팝업
762,오운완챌린지
763,튼 튼 쌤
764,방탈출놀이
765,방바닥 용암
766,상어 가족
767,아기상어 뚜루뚜루
768,아기상어 총집합
769,아기상어의 달
770,아기상어 스페셜
771,escape challenge
772,escape room challenge
773,hot vs cold challenge
774,핑크퐁 율동체조모음
775,율동동요
776,율동동요모음
777,율동동요 핑크퐁
778,dance along
779,freeze dance pinkfong
780,핑크퐁 니니모송
781,핑크퐁 니니모 오이
782,니니모 동요
783,고양이송
784,ninimo 니니모
785,고양이밈
786,고양이밈 모음
787,여름동요
788,여름노래
789,수영장
790,수영장 안전교육
791,놀이친구 핑크퐁
792,핑크퐁 상어가족
793,공룡 숨바꼭질
794,공룡노래
795,공룡놀이 동요
796,생활습관동요 응가송
797,핑크퐁 생활습관
798,핑크퐁 생활습관동요
799,응가체조
800,뿡뿡응가송
801,모두 제자리
802,정리송
803,유아 생활습관
804,유아 예절 교육
805,생활예절교육
806,올림픽
807,파리올림픽
808,올림픽2024
809,어린이운동
810,어린이운동체조
811,어린이체조
812,어린이체조 스트레칭
813,스포츠동요
814,핑크퐁 스포츠
815,핑크퐁 스포츠송
816,응원동요
817,올림픽응원가
818,olympic
819,olympic 2024
820,paris olympics 2024
821,색깔놀이
822,호기색깔
823,핑크퐁색깔
824,핑크퐁색깔놀이
825,컬러
826,색깔영어
827,어린이뮤지컬공연
828,무지개구출작전
829,핑크퐁 무지개구출작전
830,무지개구출
831,어린이뮤지컬
832,아동뮤지컬
833,유아뮤지컬
834,가족뮤지컬
835,recaptcha
836,recaptcha meme
837,아기 숨바꼭질
838,핑크퐁 숨바꼭질
839,도둑상어 숨바꼭질
840,여름
841,여름 첫사랑
842,첫사랑
843,어린이 안전교육
844,물놀이
845,물놀이 동요
846,물놀이 안전교육
847,물놀이 안전교육 유아
848,여름동요모음
849,수영 안전교육
850,바다 안전교육
851,바다 안전
852,계곡 안전교육
853,계곡 안전
854,여름철안전교육
855,안전교육
856,안전교육 동화
857,소방안전교육
858,불났어요 안전교육
859,식중독예방교육
860,식중독 안전교육
861,여름철 안전교육
862,화재안전교육
863,유아 안전교육
864,유아 안전동화
865,유아 안전
866,어린이 유튜브 채널
867,아기상어 동요
868,튼튼쌤 아기상어
869,튼튼쌤 율동체조 아기상어
870,baby shark
871,baby shark dance
872,baby shark remix
873,pinkfong ninimo
874,pinkfong ninimo song
875,장래희망 동요
876,소방차동요
877,경찰차 동요
878,의사선생님출동
879,식중독예방노래
880,식중독예방 안전교육
881,손씻기 안전교육
882,손씻기 동요
883,아이스크림송
884,아이스크림송 핑크퐁
885,수박송
886,수박송 동요
887,간식동요
888,손씻기송
889,손씻기송 동요
890,손씻기송 핑크퐁
891,riize
892,riize boom boom bass
893,boom boom bass
894,boom boom bass dance cover
895,riize boom boom bass dance cover
896,여행동요
897,여행동요모음
898,나들이동요
899,나들이동요모음
900,핑크퐁 나들이
901,핑크퐁 나들이송
902,핑크퐁 나들이동요
903,누가 범인일까
904,누가 범인일까 노래
905,핑크퐁 늑대
906,의사놀이
907,아야아야 노래
908,아야아야송
909,아야 아파요
910,경찰아저씨가 아파요
911,경찰아저씨가 다쳤어요
912,아기상어 치과놀이 공주
913,힘센차 동요
914,여름동요 율동
915,여름동요노래
916,아기상어 여름
917,아기상어 무한
918,다양한 버전의 아기상어
919,아기상어다양한버전
920,소방관 출동
921,소방관 동요
922,화재안전송
923,소방관 아저씨 동요
924,어린이 화재안전교육
925,불이야 안전교육
926,몽키 바나나 댄스
927,몽키 바나나 체조
928,monkey bananas
929,monkey banana dance
930,monkey banana song
931,아기상어 치과
932,아기상어 치과병원
933,에스파
934,aespa
935,aespa supernova
936,에스파 슈퍼노바
937,에스파 supernova
938,사건은 다가와
939,사건은 다가와 아오에
940,사건은 다가와 ah oh ah
941,사건은 다가와 ah oh ay
942,nursery rhyme
943,동요모음
944,어린이집 교육
945,유아 애니메이션
946,유치원수업
947,율동
948,나들이 동요
949,염소
950,동물 인기동요
951,핑크퐁 인기동요 동물
952,심해동물
953,심해동물 핑크퐁
954,심해동물노래
955,아야 아야 아파
956,아야아파요
957,핑크퐁 오싹
958,동물 꼬리
959,동물꼬리
960,꼬리송
961,꼬리동요
962,꼬리 동요
963,동물 꼬리 동요
964,동물 꼬리송
965,꼬리찾기
966,누구 꼬리일까
967,동물꼬리맞추기
968,동물꼬리 퀴즈
969,내꼬리
970,동물 동요 핑크퐁
971,최신동요2024
972,최신동요연속듣기 2024
973,최신동요연속듣기
974,인기동요 연속듣기
975,인기동요모음100곡
976,동요메들리
977,동요3시간
978,핑크퐁인기동요
979,오싹오싹 핑크퐁
980,오싹오싹 정글동물
981,핑크퐁 꼬리찾기
982,핑크퐁오싹
983,여름동화모음
984,튼튼쌤 율동체조 공룡
985,튼튼쌤 율동체조 모음
986,경찰차 율동
987,요이요이 경찰차 율동
988,티라노사우루스 렉스 율동
989,티라노 율동
990,공주 옷 입히기
991,공주놀이
992,어린이 앱 추천
993,옷 입히기 게임
994,아기상어 꾸미기 게임
995,핑크퐁 아기상어 게임
996,공주게임
997,햇볕은 쨍쨍 노래
998,햇볕은 쨍쨍 동요
999,나들이
1000,햇볕은 쨍쨍
1001,공주노래
1002,치과 가기 싫어요
1003,내꼬리어디갔나
1004,내사이렌어디갔나
1005,핑크퐁 꼬리 어디 갔나
1006,동물꼬리동요
1007,요이요이 범인찾기 송
1008,월간 아기상어
1009,화려한 도시의 아기상어
1010,아기상어 버전
1011,아기상어 다양한
1012,아기상어 다양한 버전
1013,aespa supernova dance
1014,kpop dance
1015,pinkfong kpop
1016,슈퍼노바
1017,아기상어 생일축하송
1018,아기상어 생일축하
1019,생일축하노래 핑크퐁
1020,생일파티노래
1021,생일동요
1022,아기상어 생일 축하해
1023,아기상어 올리 생일
1024,핑크퐁 생일파티
1025,생일축하노래 1시간
1026,어디가 아파서 오셨나요 동요
1027,핑크퐁 치과놀이
1028,의사 직업체험
1029,의사놀이 동요
1030,진찰송
1031,치과 무서워하는 아이
1032,체조 율동
1033,문화센터 노래
1034,핑크퐁 율동체조
1035,핑크퐁 율동동요
1036,핑크퐁 율동동요 모음
1037,아기상어 체조
1038,아기상어 체조 모음
1039,손가락놀이 동요
1040,손가락놀이 상어가족
1041,손가락 놀이 동요
1042,핑크퐁 손가락 놀이
1043,finger family song
1044,핑크퐁 공룡알
1045,서프라이즈 에그
1046,알록달록 컬러버스
1047,컬러버스
1048,컬러버스 동요
1049,컬러버스 핑크퐁
1050,버스송
1051,핑크퐁 버스동요
1052,자동차동요모음
1053,알록달록컬러버스
1054,쇼츠
1055,어린이게임
1056,교육게임
1057,아기상어 키즈월드
1058,범인찾기송
1059,범인찾기
1060,범인찾기 노래
1061,즐거운 나의 집 동요
1062,우리 집 동요
1063,나들이 노래
1064,pinkfong outdoor songs
1065,여름 동요 모음
1066,아기상어 여름날
1067,계절동요
1068,핑크퐁 여름동요
1069,펭귄
1070,펭귄 댄스
1071,펭귄 댄스 율동
1072,펭귄 댄스 핑크퐁
1073,펭귄 댄스 체조
1074,펭귄댄스
1075,펭귄댄스 율동
1076,뒤뚱뒤뚱 펭귄
1077,뒤뚱뒤뚱 펭귄체조
1078,펭귄 동요
1079,펭귄 율동
1080,핑크퐁 펭귄체조
1081,아기 펭귄
1082,핑크퐁 아기 펭귄
1083,펭귄송
1084,인기동요베스트100
1085,인기동요 모음
1086,동요모음100곡
1087,인기동요연속듣기
1088,인기동요연속듣기 최신
1089,동요연속듣기
1090,핑크퐁 무서운
1091,핑크퐁 무서운 이야기
1092,오싹오싹 무서운 괴물
1093,다섯마리원숭이
1094,다섯마리 원숭이
1095,핑크퐁 다섯원숭이
1096,다섯꼬마버스
1097,다섯꼬마버스 쿵쾅쾅
1098,쿵쾅쾅 다섯 꼬마 버스
1099,핑크퐁나들이
1100,핑크퐁 나들이 동요
1101,봄 나들이 동요
1102,돛단배 노래
1103,돛단배 동요
1104,안전 교육
1105,안전송
1106,아기상어 안전송
1107,안전교육 뜨거운
1108,안전교육 뜨거운것을 조심해요
1109,안전 동요
1110,안전동요
1111,탕후루 쇼츠
1112,탕후루 춤
1113,탕후루 노래
1114,마라탕후루
1115,마라탕후루 노래
1116,Malatanghulu
1117,탕후루
1118,탕탕후루후루
1119,마라탕후루 챌린지
1120,tanghulu
1121,tanghulu dance
1122,pinkfong tanghulu
1123,tanghulu mukbang
1124,tanghulu asmr
1125,탕후루 먹방
1126,탕후루노래
1127,탕후루송
1128,공룡의 날
1129,공룡노래모음
1130,핑크퐁 공룡 유치원
1131,공룡덕후
1132,티라노사우루스 노래
1133,파키켈로 사우루스
1134,박치기 공룡
1135,티라노노래
1136,티라노 노래
1137,브라키오사우루스
1138,트리케라톱스
1139,dinosaur
1140,pinkfong move like a dinosaur
1141,동물소리
1142,동물소리 맞추기
1143,동물소리 동요
1144,동물소리퀴즈
1145,동물 사운드
1146,아기상어 동물
1147,안전교육 애니메이션
1148,교육동요
1149,핑크퐁 교육동요
1150,안전
1151,교육 동요
1152,안전동요모음
1153,마트안전교육
1154,마트안전송
1155,뜨거운 것을 조심해요
1156,안전동화
1157,안녕부산
1158,아기상어 부산
1159,아기상어 부산 페스티벌
1160,안녕부산 아기상어
1161,부산시민공원
1162,부산 아기상어
1163,meme
1164,밈 쇼츠
1165,세상이 아주 핑크퐁이지
1166,본인등판
1167,중독성 노래
1168,누가 누가 가져갔나
1169,누가누가데려갔나 아기상어
1170,범인 찾기송
1171,아기상어 안전교육
1172,실내 안전교육
1173,실내 안전송
1174,위험한 장난 안전교육
1175,아기상어 동요모음
1176,아기상어 무한반복 여행필수
1177,상어가족 율동
1178,baby shark korean
1179,baby shark korean dance
1180,baby shark remix korean dance
1181,육퇴동요
1182,바닷속 괴물
1183,아기상어 바닷속 괴물
1184,가정의달
1185,가정의 달
1186,볼찌부
1187,아기 뽀뽀
1188,아기뽀뽀
1189,꽁꽁 얼어붙은 한강 위로 고양이가 걸어다닙니다
1190,꽁꽁 얼어붙은 한강 위로 고양이 노래
1191,꽁냥이 챌린지
1192,꽁냥이
1193,꽁꽁 얼어붙은 한강 위로 고양이
1194,꽁꽁 얼어붙은 한강 위로
1195,한강
1196,릴스
1197,유아교육동요
1198,어린이영어동요
1199,유아영어
1200,어린이영어
1201,영어동요
1202,영어동요 핑크퐁
1203,영어동요모음
1204,영어동요 흘려듣기
1205,영어노래흘려듣기
1206,영어흘려듣기
1207,마더구스
1208,마더구스 동요
1209,핑크퐁 영어
1210,핑크퐁 영어동요
1211,nursery rhymes korean
1212,nursery rhymes korean song
1213,봄 나들이
1214,봄 동요
1215,소풍동요
1216,소풍 동요
1217,소풍
1218,옷입기송
1219,가정의달 동요
1220,가정의 달 동요
1221,핑크퐁 가족 동요
1222,가족동요
1223,가족 동요
1224,가족동요모음
1225,어린이날 동요
1226,어버이날 동요
1227,어버이날 동요 모음
1228,우리가족 사랑송
1229,우리가족사랑해
1230,우리가족사랑해 동요
1231,우리 가족
1232,사랑해송
1233,가족 노래
1234,버스 동요
1235,붕붕붕 꼬마버스
1236,버스동요노래
1237,핑크퐁 동물동요
1238,버스
1239,사자
1240,악어
1241,늑대
1242,늑대 동화
1243,늑대 동요
1244,무서운 어린이 동요
1245,봄동요
1246,어버이날
1247,어버이날 노래
1248,핑크퐁 어버이날
1249,어버이날 특집
1250,가정의달 특집
1251,어린이 간식
1252,쿠키
1253,사탕
1254,간식
1255,영어배우기 동요
1256,nursery rhymes
1257,영어 동요
1258,핑크퐁 코끼리
1259,코끼리 동요
1260,코끼리 아저씨
1261,코끼리 아저씨 동요
1262,코끼리 거미줄
1263,코끼리 거미줄 영어
1264,숫자배우기
1265,수동요
1266,수동요 핑크퐁
1267,일부터 열까지
1268,마더구스 영어
1269,abc송
1270,영어 전래동요
1271,알파벳송
1272,오싹오싹 동요
1273,오싹오싹 동화
1274,무서운 동물
1275,무서운 동물 소리
1276,핑크퐁 무서운 얼굴
1277,고릴라
1278,핑크퐁 정글
1279,토마토 동요
1280,토마토 노래
1281,토마토 노래 틀어 줘
1282,멋쟁이 토마토
1283,멋쟁이 토마토 동요
1284,나는야 토마토
1285,편식예방교육
1286,골고루송
1287,식습관 교육
1288,채소송
1289,골고루 먹어요
1290,골고루 먹어요 동요
1291,식사예절
1292,식사예절 동요
1293,먹방동요
1294,어버이날 선물
1295,가정의달 노래
1296,어버이 은혜
1297,부모님 은혜
1298,엄마 아빠 사랑해요
1299,엄마 아빠 노래
1300,핑크퐁 엄마 아빠 사랑해요
1301,핑크퐁 엄마 아빠
1302,어린이날
1303,가족노래
1304,가족이 함께
1305,어린이날 노래
1306,오늘은 어린이날
1307,오늘은 어린이날 우리들 세상
1308,핑크퐁 어린이날
1309,어린이날 아기상어
1310,아기상어 어린이날
1311,토마토송
1312,멋쟁이토마토
1313,멋쟁이토마토 동요
1314,나는야 주스될거야
1315,나는야 케첩될거야
1316,울퉁불퉁 멋쟁이 토마토
1317,울퉁불퉁 멋진
1318,애창동요
1319,애창 동요
1320,tomato song
1321,tomato song pinkfong
1322,벚꽃
1323,벚꽃놀이
1324,꽃놀이
1325,봄소풍 노래
1326,봄소풍 동요
1327,핑크퐁 소풍
1328,핑크퐁 소풍 동요
1329,인기동요 100
1330,아기상어 소풍
1331,아기상어 나들이
1332,봄노래
1333,봄동요연속듣기
1334,차에서 듣는 동요
1335,아기 울때 노래
1336,아기울음 뚝
1337,baby rhymes
1338,top nursery rhymes
1339,korean nursery
1340,korean nursery rhymes for babies
1341,영어 교육
1342,유치원 영어 동요
1343,어린이 영어
1344,영어
1345,영어 노래
1346,부산여행
1347,부산
1348,부산여행코스
1349,부산여행 가족
1350,부산 가족여행
1351,부산 가족여행 코스
1352,아기상어 바다
1353,아기상어 1시간
1354,광안리
1355,부산 스카이캡슐
1356,스카이캡슐 부산
1357,부산 축제
1358,busan travel
1359,korea busan travel
1360,busan south korea
1361,busan
1362,핑크퐁 부산
1363,개굴개굴 개구리
1364,개구리 동요
1365,개구리
1366,전래동요
1367,전래 동요
1368,개굴개굴
1369,개구리송
1370,자장가 동요
1371,수면유도음악
1372,아기자장가
1373,아기 자장가
1374,아기 자장가 동요
1375,핑크퐁 자장가모음
1376,어린이 자장가
1377,아기수면
1378,아기수면유도음악
1379,핑크퐁 광고없는
1380,핑크퐁 자장가 광고없음
1381,기념우표
1382,우체국
1383,우표수집
1384,한국 우표
1385,우리나라 우표
1386,핑크퐁 콜라보
1387,핑크퐁 콜라보레이션
1388,편지 우표
1389,우체국 우표
1390,우체국 편지
1391,쇼츠 모음
1392,쇼츠 모음집
1393,스탠바이미 세로
1394,세로영상
1395,어린이 유튜브 채널 쇼츠
1396,어린이 유튜브 쇼츠
1397,어린이용 쇼츠
1398,아동 쇼츠
1399,세로모드
1400,아기 쇼츠
1401,유아 쇼츠
1402,교육 쇼츠
1403,어린이 놀이
1404,어린이 직업체험
1405,경찰관 동화
1406,놀이공원
1407,미아방지 안전교육
1408,핑크퐁 놀이
1409,마트 안전교육
1410,놀이공원 안전교육
1411,날바라바라봐 챌린지
1412,lookatme 챌린지
1413,지구의 날
1414,지구의날
1415,우주송
1416,지구동요
1417,우주동요
1418,다섯 마리 원숭이
1419,다섯 마리 아기 원숭이
1420,쿵쾅쾅 다섯마리 원숭이
1421,five little monkeys jumping on the bed
1422,five little monkeys
1423,영어전래동요
1424,인기 영어 동요
1425,인기영어동요
1426,핑크퐁 의사
1427,과학의 날
1428,유아과학교육
1429,어린이과학
1430,어린이 우주 동화
1431,핑크퐁 호기심송
1432,딸꾹질 원인
1433,어린이 과학 동화
1434,우주탐험
1435,태양계
1436,지구의 날 동요
1437,어린이 지구과학
1438,지구과학
1439,핑크퐁 늑대동화
1440,핑크퐁 사막 동물
1441,사막 동물
1442,desert animals
1443,동물 수수께끼
1444,핑크퐁 동물 동요
1445,정글 동물
1446,농장 동물
1447,핑크퐁 동물 수수께끼
1448,튼튼쌤율동체조
1449,튼튼쌤율동체조모음집
1450,핑크퐁체조
1451,아기상어 리믹스 체조
1452,핑크퐁 튼튼쌤 체조
1453,키크기 체조
1454,봄체조
1455,핑크퐁 퐁퐁퐁
1456,퐁퐁퐁 노래
1457,벚꽃송
1458,하트모음
1459,하트포즈추천
1460,사랑이퐁퐁퐁
1461,벚꽃놀이엔이노래
1462,거미가 줄을 타고 올라갑니다
1463,거미가 줄을 타고 올라갑니다 영어
1464,거미가 줄을 타고
1465,itsy bitsy spider
1466,pinkfong itsy bitsy spider
1467,곤충 동요
1468,라쿠카라차
1469,라쿠카라차 노래
1470,라쿠카라차 동요
1471,교과서 음악
1472,교과서음악
1473,la cucaracha
1474,누가누가데려갔나
1475,핑크퐁 토이카
1476,아기상어 토이카
1477,토이카
1478,장난감 자동차
1479,도둑 상어 가족
1480,누가 황금 바퀴를 가져갔나
1481,사바나 동물
1482,사바나 정글
1483,아프리카 사바나
1484,아프리카 사바나 핑크퐁
1485,핑크퐁 사바나
1486,핑크퐁 아프리카 사바나
1487,사자 동요
1488,pinkfong savana
1489,정글 동요
1490,핑크퐁 늑대와 일곱마리
1491,무서운 동화
1492,동물동화
1493,동물 동화
1494,동화책 읽어주기
1495,하트퐁챌린지
1496,벚꽃노래
1497,벚꽃챌린지
1498,벚꽃댄스챌린지
1499,동물 동요 모음
1500,아기동물 동요
1501,핑크퐁 아기동물 동요
1502,핑크퐁 토끼
1503,pinkfong baby animals
1504,pinkfong korean animals
1505,핑크퐁 영어 동요
1506,핑크퐁 마더구스
1507,유아 영어
1508,어린이 영어 동요
1509,유치원 영어
1510,pinkfong korean
1511,영어교육
1512,pinkfong nursery rhymes
1513,london bridge is falling down
1514,마트 안전송
1515,실외 안전교육
1516,실외 안전송
1517,안전동화 뛰지않아요
1518,공룡동요모음
1519,공룡동화 티라노
1520,티라노 vs 스피노
1521,스피노 vs 티라노
1522,공룡 배틀
1523,공룡배틀
1524,공룡 유치원 동화
1525,핑크퐁 공룡
1526,핑크퐁 공룡동요
1527,티라노
1528,핑크퐁 농장동물
1529,핑크퐁 농장동물 동요
1530,핑크퐁 농장동물댄스
1531,농장동물댄스
1532,핑크퐁 동물농장 노래
1533,농장동물 동요
1534,호기와 노래해요
1535,험티덤티
1536,호기병원놀이
1537,아기상어 안전송 마트
1538,아기상어 마트
1539,브롤스타즈
1540,브롤스타즈 스킨
1541,브롤스타즈 콜라보
1542,브롤스타즈 콜라보 스킨
1543,엘프리모
1544,엘 프리모
1545,브롤스타즈 애니메이션
1546,브롤스타즈 아기상어
1547,브롤스타즈 아기상어 엘프리모
1548,브롤
1549,엘아기상어
1550,브롤스타즈 엘프리모 스킨
1551,브롤 엘아기상어
1552,아기상어 브롤
1553,아기상어 엘프리모
1554,만우절
1555,만우절 장난
1556,핑크퐁 어디있나
1557,내 사이렌 어디 갔나
1558,탐정놀이
1559,찾기 노래
1560,핑크퐁 꼬리 찾기
1561,꼬리 찾기 동요
1562,동물 꼬리 찾기
1563,상어 꼬리 찾기
1564,숨은 그림 찾기
1565,핑크퐁 best
1566,얼음땡댄스
1567,핑크퐁 얼음땡
1568,핑크퐁 토끼송
1569,엄마 토끼
1570,핑크퐁 엄마토끼
1571,사막
1572,낙타
1573,전갈
1574,핑크퐁 놀이공원
1575,어린이 납치 예방
1576,ninimo pinkfong
1577,아이폰벨소리
1578,어린이 쇼츠
1579,baa baa black sheep
1580,매애매애 검은양
1581,검은양 노래
1582,검은양 동요
1583,아기상어 극장판
1584,아기상어 영화
1585,아기상어 극장판 사이렌 스톤의 비밀
1586,아기상어 극장판 사이렌 스톤의 비밀 ost
1587,아기상어 사이렌 스톤의 비밀 ost
1588,어린이 영화 추천
1589,어린이 영화 극장판
1590,아기상어모음
1591,아기상어 노래모음
1592,아기상어 동요 반복
1593,상어가족 빠른버전
1594,baby shark kpop
1595,핑크퐁뮤지컬
1596,튼튼쌤 뮤지컬
1597,아동 뮤지컬
1598,아동극
1599,동물퀴즈
1600,어린이 퀴즈
1601,그림자놀이
1602,핑크퐁 그림자
1603,동물맞추기
1604,정글동요
1605,유아 놀이
1606,수수께끼 문제
1607,유치원 놀이
1608,바다 동물
1609,유아체조
1610,유아 체조
1611,어린이 체조
1612,율동 체조
1613,키커체조
1614,키크기체조
1615,동물체조
1616,동물 체조
1617,글램핑
1618,캠핑
1619,핑크퐁 캠핑
1620,가족 글램핑
1621,핑크퐁 게임
1622,모양 동요
1623,모양 놀이
1624,판다송
1625,아기판다
1626,판다 동요
1627,핑크퐁 아기동물
1628,자동차 안전교육
1629,차에서 듣기 좋은 노래
1630,핑크퐁 안전교육
1631,핑크퐁 봄
1632,벚꽃 동요
1633,pinkfong jungle adventure
1634,어린이영화
1635,키즈무비
1636,액션
1637,어드벤처
1638,키즈콘텐츠
1639,육아
1640,엔하이픈 아기상어
1641,keep swimming through
1642,k-pop
1643,k-pop mv
1644,사이렌스톤의비밀 ost
1645,엔하이픈 엔진
1646,아기동물
1647,아기오리
1648,아기오리 동요
1649,아기 오리
1650,오리 울음소리
1651,오리 꽥꽥
1652,오리
1653,귀여운 동물 영상
1654,헨젤과 그레텔
1655,아기돼지삼형제
1656,늑대와 일곱마리 아기염소
1657,잭과 콩나무
1658,빨간모자
1659,뮤지컬 동화
1660,아기상어 친구들
1661,어린이 꿈
1662,오디오북
1663,세계명작동화 오디오북
1664,교육동화
1665,wolf and seven little goats
1666,wolf and seven little goats korean
1667,어린이홈트
1668,어린이 운동 체조
1669,와글와글 정글송
1670,pinkfong jungle song
1671,aprender coreano facil
1672,pinkfong dance along
1673,핑크퐁 바다랩
1674,바다동물동요
1675,kpop
1676,중독성 강한 노래
1677,수능금지곡
1678,핑크퐁 버스송
1679,핑크퐁 색깔버스
1680,핑크퐁 체조노래
1681,키즈댄스 수업
1682,유치원 등원
1683,어린이집 등원
1684,핑크퐁 유치원 동요
1685,핑크퐁 누리과정
1686,인성동요
1687,핑크퐁 등원
1688,등원준비
1689,daily safety song
1690,안전교육 동요
1691,놀이터 안전교육
1692,놀이터 안전
1693,핑크퐁 안전동요
1694,아기상어 병원놀이 경찰
1695,pinkfong car hospital
1696,늑대와 일곱마리 아기염소 동화
1697,핑크퐁 동화뮤지컬
1698,겨울간식 동요
1699,mukbang korean
1700,mukbang animation
1701,떡볶이 먹방
1702,분식 먹방
1703,tteokbokki
1704,k food
1705,호기와 도둑자동차
1706,핑크퐁 원더스타 특별편
1707,핑크퐁 원더스타 극장판
1708,핑크퐁 극장판
1709,핑크퐁 영화
1710,어린이 영화
1711,키즈영화
1712,바다 동물 동요
1713,핑크퐁 동물
1714,수족관 동요
1715,수족관 동물
1716,아쿠아리움
1717,무서운 얼굴 콘테스트
1718,핑크퐁 정글붐붐
1719,핑크퐁 정글체조
1720,핑크퐁 정글탐험대
1721,비만 예방 체조
1722,정글탐험대 핑크퐁
1723,핑크퐁 한글 동요
1724,핑크퐁 한글동요
1725,한글배우기
1726,한글배우기 외국인
1727,한글배우기 동요
1728,가나다송
1729,learning korean alphabet
1730,어르신 한글공부
1731,한글놀이
1732,한글 교육
1733,아이야
1734,한글 체조
1735,체조교실
1736,한글익히기
1737,말놀이
1738,한글 말놀이
1739,한글송
1740,핑크퐁 한글송
1741,핑크퐁 비만체조
1742,핑크퐁 비만 예방 정글 체조
1743,비만 예방 정글 체조
1744,정글 체조
1745,체조 동요
1746,건강체조
1747,비만예방
1748,소아비만
1749,pinkfong jungle
1750,영어공부
1751,영어동요abc
1752,핑크퐁 신곡
1753,아침송
1754,기상송
1755,아침에 듣는 노래
1756,기상송 동요
1757,기상송 핑크퐁
1758,아기상어 장난감
1759,핑크퐁 아침이야
1760,빨간 모자
1761,빨간 망토
1762,pinkfong musical stories
1763,알라딘
1764,알라딘 동화
1765,알라딘 동화뮤지컬
1766,동화뮤지컬 알라딘
1767,알라딘 뮤지컬
1768,three little pigs
1769,three little pigs korean
1770,아기돼지 삼형제 동화
1771,자동차동화
1772,핑크퐁 자동차마을
1773,핑크퐁 자동차동화
1774,핑 크퐁
1775,대니구
1776,대니 구
1777,핑크퐁 클래식
1778,대니구 핑크퐁
1779,핑크퐁 대니구
1780,핑크퐁 클래식 대니
1781,아기상어 클래식
1782,태교클래식
1783,한글공부노래
1784,learning korean language for beginners
1785,자음송
1786,한글 노래
1787,한글 배우기
1788,신비한 동물사전 동물
1789,코알라
1790,얼룩말
1791,새우
1792,수달
1793,어린이 학습 동화
1794,학습 동화
1795,pinkfong penguin
1796,fun facts about animals pinkfong
1797,동물 비밀
1798,mv
1799,신나는 노래
1800,브금
1801,전화놀이
1802,교육어플
1803,유아 교육어플
1804,게임앱 추천
1805,유아 앱 추천
1806,어린이안전교육
1807,다섯 꼬마 버스
1808,핑크퐁 안전송
1809,웃긴 쇼츠
1810,재밌는 쇼츠
1811,어린이 장난감
1812,풍선놀이
1813,어린이 동화 뮤지컬
1814,어린이 오디오북
1815,빨간망토
1816,색깔 동요
1817,색깔놀이 동요
1818,색깔놀이 핑크퐁
1819,아기상어 색깔 놀이
1820,learn colors
1821,learn colors in korean
1822,pinkfong colors
1823,발렌타인데이
1824,초콜릿
1825,간식 동요
1826,핑크퐁 간식
1827,수박게임
1828,수박 게임
1829,닌텐도 수박게임
1830,watermelon game
1831,인기 게임
1832,해달
1833,고래 잠
1834,거북이 잠
1835,동물 잠자는 모습
1836,pinkfong fun facts about animals
1837,동심 노래
1838,korean song
1839,korean for beginners
1840,어린이 인기 동요
1841,홀씨
1842,설날 동요
1843,설날 체조
1844,어린이 홈트
1845,어린이 운동
1846,어린이 댄스
1847,아기상어 국악
1848,국악동요
1849,어린이 키크는 스트레칭
1850,설날
1851,설날동요
1852,핑크퐁 설날
1853,핑크퐁 설특집
1854,국악 동요
1855,pinkfong korean traditional music
1856,설날 인사
1857,설날 인사 영상
1858,설날인사
1859,korean new year's day
1860,sebae
1861,잭과 콩나무 동화
1862,오디오북 동화
1863,엄마 책 읽어 주세요
1864,잠자리동화
1865,핑크퐁 명작동화
1866,핑크퐁 잭과 콩나무
1867,pinkfong jack and the beanstalk
1868,옛날이야기
1869,전래놀이
1870,귀성길 플레이리스트
1871,아이 울때
1872,korean traditional story
1873,하쿠나마타타
1874,하쿠나 마타타
1875,하쿠나마타타 동요
1876,하쿠나 마타타 동요
1877,핑크퐁 동물체조
1878,어린이 스트레칭
1879,hakuna matata
1880,키크는 스트레칭
1881,pinkfong savanna
1882,쓰복만
1883,CL
1884,설 영화
1885,설날 영화
1886,가족 영화 추천
1887,가족 영화
1888,플라밍고
1889,하마
1890,북극여우
1891,북극곰
1892,카멜레온
1893,카멜레온 색변화
1894,북극곰 털 색깔
1895,하마 땀 색깔
1896,눈썰매
1897,눈썰매장
1898,snow slide
1899,거북이 노래
1900,거북이 동요
1901,거북이
1902,거부기
1903,sea animal song
1904,색깔 노래
1905,알록달록
1906,색깔송
1907,컬러놀이
1908,핑크퐁 색깔놀이
1909,고양이 노래
1910,핑크퐁 고양이
1911,핑크퐁 고양이송
1912,카피바라
1913,카피바라 똥
1914,까치까치설날은
1915,귀성길 노래
1916,귀경길 플레이리스트
1917,조카
1918,국악풍 노래
1919,영화추천
1920,설 영화추천
1921,가족영화
1922,2024설날
1923,2024 영화
1924,korean movie
1925,어린이 율동
1926,공룡 퍼레이드
1927,공룡체조
1928,공룡체조 핑크퐁
1929,동물 똥 노래
1930,똥 노래
1931,카피바라 노래
1932,하이에나
1933,웜벳
1934,나무늘보
1935,학습동요
1936,지식동요
1937,animal poop
1938,pinkfong potty
1939,프테라노돈
1940,익룡
1941,영어 배우기
1942,파닉스 발음
1943,파닉스 배우기
1944,어린이 영어공부
1945,어린이 영어교육
1946,유아 영어 교육
1947,영어공부 어플
1948,영어공부 어린이
1949,알파벳 발음
1950,자동차 장난감 놀이
1951,블럭놀이
1952,간식먹방
1953,소인국
1954,learning korean with song
1955,tiktok challenge
1956,헨젤과 그레텔 동화
1957,헨젤과 그레텔 뮤지컬
1958,pinkfong hansel and gretel
1959,stariana baby shark
1960,baby shark big movie
1961,상어가족 리믹스 체조
1962,어린이 체조 스트레칭
1963,키크기 운동
1964,동물의 왕 사자
1965,사자동요
1966,핑크퐁 사자체조
1967,어린이 율동동요
1968,pinkfong lion song
1969,pinkfong lion dance
1970,간식송
1971,간식시간
1972,간식시간 노래
1973,유치원 간식노래
1974,pinkfong food
1975,원숭이
1976,원숭이 동요
1977,원숭이 노래
1978,자동차 노래
1979,자동차 장난감
1980,탈것 동요
1981,ㅍㅋㅍ
1982,핑크퐁생활습관송
1983,어린이 예절
1984,유치원 교육
1985,누리과정 동요
1986,pinkfong good morning
1987,poo poo song korean
1988,pinkfong good manners
1989,겨울간식 먹방
1990,붕어빵
1991,호빵
1992,bungeoppang
1993,동물농장
1994,cute animals
1995,핑크퐁시네마콘서트
1996,디스코 상어가족
1997,디스코 아기상어
1998,동물 놀이
1999,동물 먹방
2000,판다 먹방
2001,다람쥐
2002,판다
2003,팬더
2004,호기심천국
2005,자동차동요 모음
2006,탈것동요
2007,구급차
2008,불도저
2009,중장비차
2010,헬리콥터
2011,기차
2012,레고상어가족
2013,레고아기상어
2014,레고
2015,mz셀카
2016,이야기극장
2017,pinkfongwonderstar
2018,영화
2019,무비
2020,직업 동요
2021,유치원 동요
2022,직업놀이
2023,아이스크림트럭
2024,중장비 동요
2025,애니영화
2026,상어가족 체조
2027,상어가족 노래
2028,어린이 유산소
2029,간식 시간 동요
2030,핑크퐁 간식시간
2031,케이크
2032,도넛
2033,핑크퐁 댄스
2034,트럭
2035,트럭믹서
2036,공놀이
2037,변신놀이
2038,변기송
2039,이닦기 노래
2040,이닦기 동요
2041,아침동요
2042,새해 동요
2043,핑크퐁 새해
2044,핑크퐁뮤지컬동화
2045,이야기 뮤지컬
2046,어린이 양치교육
2047,핑크퐁 치카치카 체조
2048,치카치카 노래
2049,초콜릿 동요
2050,찰리와 초콜릿 공장
2051,핑크퐁 동요
2052,새해 모음집
2053,어린이 새해
2054,신년
2055,긴 동요
2056,차에서 듣는
2057,새해맞이
2058,2024년
2059,2024
2060,둥근 해가 떴습니다
2061,연말 동요
2062,동요 연속듣기
2063,공룡 동요
2064,상어 동요
2065,동요모음집
2066,새해
2067,폭죽놀이
2068,연말결산
2069,색깔 버스송
2070,pinkfong shark bus korean
2071,비눗방울 쇼
2072,티라노사루스
2073,울면안되
2074,산타할아버
2075,성탄절
2076,인기 캐롤
2077,징글벨 무한반복
2078,아기상어 숨바꼭질 크리스마스
2079,찾기 놀이
2080,크리스마스 이브
2081,자동차 놀이
2082,아기 탈것
2083,핑크퐁 겨울
2084,핑크퐁 겨울동요
2085,겨울 노래
2086,크리스마스 체조
2087,크리스마스 케이크
2088,코끼리
2089,신나는 캐롤 모음
2090,병원
2091,직업체험
2092,크리스마스 이야기
2093,핑시콘
2094,진저브레드맨
2095,튼튼쌤 체조
2096,튼튼 체조
2097,TV유치원
2098,키커지는 운동
2099,스트레칭
2100,어린이 크리스마스
2101,baby shark christmas story
2102,핑크퐁 자동차수리
2103,꾸미기게임
2104,유아게임
2105,어드밴처
2106,트리만들기
2107,크리스마스 트리 꾸미기
2108,아기상어 동화
2109,체조동요
2110,튼튼
2111,youtube shorts
2112,cu
2113,국그릇핑크퐁
2114,쿠쿠루삥뽕
2115,다섯 꼬마 원숭이
2116,상어가족 크리스마스
2117,산타 할아버지 동요
2118,망아지
2119,말 동요
2120,간식시간 동요
2121,치즈 동요
2122,트럭송
2123,탈것송
2124,배 동요
2125,특이한 자동차
2126,유아 게임
2127,아기 게임
2128,어린이 놀이게임
2129,어린이 학습게임
2130,사자 울음소리
2131,탕후루송 핑크퐁
2132,핑크퐁 자동차동요
2133,기차송
2134,자전거 동요
2135,기차 동요
2136,thanksgiving day
2137,thanksgiving song
2138,고양이 동요
2139,아기고양이
2140,상어가족 반복
2141,트랙터
2142,공룡동요 핑크퐁
2143,식사동요
2144,강아지
2145,강아지 동요
2146,아기 율동
2147,아기 체조
2148,생활습관 동화
2149,냠냠
2150,탈것 이름
2151,자동차송
2152,어린이 탈것
2153,의사선생님
2154,병원동요
2155,음식 동요
2156,식습관 동요
2157,토끼
2158,이닦기
2159,치카치카
2160,이 닦기
2161,탈것
2162,아기 동물
2163,아기 원숭이
2164,한글교육
2165,한글
2166,가나다
2167,한글학습지
2168,워크지
2169,활동지
2170,한글교구
2171,한글깨치기
2172,한글수업
2173,키즈랜드
2174,KT
2175,지니TV
2176,문해력
2177,육아소통
2178,동물 이름
2179,튼튼썜
2180,문센 체조
2181,화장실송
2182,숫자송
2183,공룡 노래
2184,아기 티라노
2185,공룡 애니메이션
2186,다이노
2187,아야아야 아파요
2188,아기자동차
2189,의사 놀이
2190,경찰 아저씨
2191,어린이 동물
2192,핑크퐁 탈것동요
2193,핑크퐁 소방차
2194,핑크퐁 세차송
2195,pinkfong police car song korean
2196,굿모닝송
2197,모닝동요
2198,한글날 특집
2199,한글 교육 동요
2200,어린이 한글
2201,세종대왕
2202,한글이 팡팡
2203,이야기 체조
2204,핑크퐁 튼튼체조
2205,자음
2206,모음
2207,모음송
2208,한글쓰기
2209,한글공부시작
2210,한글교재
2211,신작
2212,kids
2213,육아스타그램
2214,맘스타그램
2215,kt
2216,지니tv
2217,윤하
2218,오르트 구름
2219,보이저호
2220,우주 동요
2221,우주 노래
2222,윤하 노래
2223,핑크퐁의크레파스
2224,오르트구름
2225,사건의 지평선
2226,크레파스
2227,핑크퐁 윤하
2228,알록달록 별
2229,윤하 동요
2230,윤하 우주
2231,사건의지평선
2232,별자리
2233,어린이 이야기
2234,이야기 동화
2235,핑크퐁 가을
2236,가을 노래
2237,가을 나들이
2238,어린이 가을
2239,어린이 공룡
2240,공룡 만화
2241,꼭꼭 숨어라
2242,명절 동요
2243,어린이 명절 동요
2244,어디있나
2245,벨로키랍토르
2246,공룡 이름
2247,범인은 바로 너
2248,도둑잡기
2249,어린이 율동체조
2250,병원놀이 노래
2251,농장동물 댄스
2252,장난감 놀이
2253,tv유치원
2254,체조 교실
2255,쿵쾅쾅
2256,공룡송
2257,아기 공룡
2258,실외안전송
2259,아야 아야
2260,생일 축하
2261,소방차송
2262,소방차 동료
2263,인기 자동차 노래
2264,다이노소어
2265,키 크는 체조
2266,율동체조교실
2267,핑크퐁 탈것 동요
2268,핑크퐁 비행기
2269,비행기 노래
2270,비행기송
2271,경찰 특공대
2272,경찰차 노래
2273,아기 자동차
2274,다이노 동요
2275,소방차 노래
2276,소방차 동요
2277,출동
2278,아기상어 댄스
2279,내 꿈은 아이돌
2280,아이돌
2281,기차동요
2282,어린이 기차
2283,크앙
2284,공룡 동화
2285,화장실 노래
2286,똥
2287,동물 똥
2288,레미콘
2289,어디갔을까
2290,경찰특공대
2291,아기상어 반복재생
2292,공룡애니메이션
2293,핑크퐁아기상어
2294,아기상어올리와윌리엄
2295,핑크퐁율동
2296,싱어롱
2297,만화
2298,여름방학엔아기상어
2299,ollie
2300,william
2301,BabyShark'sBigShow
2302,핑크퐁 노래
2303,동물 이야기
2304,생활습관 노래
2305,생활습관 교육
2306,핑크퐁 운동
2307,운동 노래
2308,노래해요
2309,체조 노래
2310,야구
2311,야구 응원가
2312,ssg
2313,쓱
2314,랜더스
2315,응원 노래
2316,동화 뮤지컬
2317,동물 뮤지컬
2318,화장실교육
2319,뿡뿡
2320,아기상어 자동차
2321,어린이 스마트폰 교육
2322,짝꿍 동요
2323,친구 동요
2324,상어 노래
2325,원숭이송
2326,토이카 노래
2327,정글송
2328,율동 노래
2329,티라노 동요
2330,pinkfong dinosaur egg
2331,동물 병원
2332,아기 돌보기
2333,동물노래
2334,병원 동요
2335,병원 노래
2336,생활습관 동요
2337,자동차 정비소
2338,공룡 영화
2339,탈 것
2340,자동차 퀴즈
2341,Wheels On The Bus
2342,동물쏭
2343,동물농장 동요
2344,어린이식사노래
2345,누리과정
2346,무서운 공룡
2347,티라노사우루스렉스
2348,핑크퐁 애니메이션
2349,극장판 애니메이션
2350,풍선껌 동요
2351,어린이 동물 교육
2352,농장 동요
2353,물 마셔요
2354,꿀꺽꿀꺽
2355,여름 동요
2356,날씨 동요
2357,장마 동요
2358,집콕 동요
2359,집에서
2360,다이노스쿨
2361,아기공룡
2362,수 동요
2363,핑크퐁 만화
2364,동물친구
2365,기침송
2366,예절교육
2367,무한반복
2368,1시간 반복
2369,happy birthday song
2370,생일축하트로트
2371,트로트동요
2372,구급차 동요
2373,가나다라
2374,로봇춤
2375,어린이 로봇
2376,로봇 댄스
2377,로봇 체조
2378,동물 소리
2379,동물흉내
2380,숫자 노래
2381,숫자 동요
2382,세균맨
2383,청결
2384,생활습관교육
2385,바이러스송
2386,손 씻기
2387,뮤지컬
2388,어린이 공연
2389,어린이 연극
2390,버스놀이
2391,티라노송
2392,육식공룡
2393,happy birthday
2394,동물 흉내
2395,생일송
2396,happy birthday to you
2397,아기상어 생일
2398,공룡게임
2399,식사예절동요
2400,메너송
2401,예절송
2402,식사송
2403,지수
2404,jisoo
2405,꽃 챌린지
2406,여름송
2407,여름 노래
2408,컨트리송
2409,컨트리 버전
2410,편곡
2411,색깔
2412,색깔 이름
2413,칙칙폭폭
2414,부릉부릉
2415,버스가 달려요
2416,의사송
2417,의사놀이송
2418,아플때
2419,생일 축하송
2420,유치원 노래
2421,동요 노래방
2422,인성 동요
2423,초식 공룡
2424,공룡 동영상
2425,연속재생
2426,상어노래 반복
2427,물방울 놀이
2428,체조놀이
2429,아기 체조 노래
2430,간식 만들기
2431,사과파이
2432,꼬마 요리사
2433,엄마와 함께
2434,음식 노래
2435,자동차놀이
2436,자동차마을
2437,경찰차 체조
2438,농장동물소리
2439,농장동물 놀이
2440,탈것 노래
2441,택배차
2442,어린이 택배차
2443,자동차 이야기
2444,자전거송
2445,버스 노래
2446,yellow bus
2447,노랑버스
2448,핑크퐁의 간식시간
2449,아기 노래
2450,조정치
2451,정인
2452,감동 영상
2453,감동 노래
2454,소시지
2455,핫도그
2456,디비디비딥
2457,과일빙수
2458,음식동요
2459,정글 노래
2460,동눌
2461,요리사 노래
2462,팬케이크
2463,요리 노래
2464,요리 동요
2465,놀이터송
2466,놀이터
2467,놀이터에서
2468,사이좋게
2469,아기티라노
2470,소풍 안전
2471,공주 동화
2472,프린세스송
2473,프린세스
2474,공주 동요
2475,공주 노래
2476,공주
2477,어버이
2478,부모님 노래
2479,가정 노래
2480,아기 병원
2481,아파요
2482,아기상어 병원
2483,탈것 소리
2484,슈돌 젠
2485,사유리 젠
2486,빅보이 젠
2487,사유리
2488,빅보이
2489,빅보이젠
2490,젠
2491,슈돌 사유리
2492,꿈
2493,장래희망
2494,엄마아빠
2495,아빠 사랑해요
2496,사랑해
2497,무한 반복
2498,바다 동요
2499,한글용사
2500,엄마 자장가
2501,엄마가 불러주는
2502,초보엄마
2503,초보 엄마
2504,초보 아빠
2505,초보아빠
2506,자장 노래
2507,아기상어 율동 반복
2508,아기상어와노래해요
2509,퀴즈
2510,무서운얼굴콘테스트
2511,피자만들기
2512,교육 앱
2513,환경보호
2514,어린이 환경교육
2515,어린이 환경
2516,어린이 지구
2517,환경 동요
2518,기후변화
2519,스테이씨
2520,파피
2521,파피 챌린지
2522,동물 농장
2523,농장 노래
2524,동물원 동요
2525,맹수
2526,자동차 만화
2527,구조대
2528,푸드트럭
2529,배변훈련
2530,이닦기송
2531,정글 붐붐
2532,정글 탐험
2533,동생 돌보기
2534,자기소개
2535,바딧속
2536,캠핑카
2537,마을에서 탈 것
2538,요들송
2539,한글뗴기
2540,미끄럼틀
2541,크크루삥뽕
2542,만우절송
2543,만우절 노래
2544,페파페페
2545,자동차 정비공
2546,어린이집 동요
2547,봄 노래
2548,봄맞이
2549,아기동요
2550,색깔변신
2551,롤러코스터
2552,청소차
2553,핑크퐁 병원
2554,가나다 놀이
2555,한글이팡팡
2556,한글 가나다
2557,핑크퐁 한글이팡팡
2558,개미 한 마리
2559,간지럼
2560,농장동물 소리
2561,가전송
2562,생활가전송
2563,생활가전
2564,예절 동요
2565,바른 인성
2566,경찰차송
2567,구급차송
2568,구조대 동요
2569,자동차 색깔놀이
2570,색깔 배우기
2571,이가상어 자동차
2572,장난감놀이
2573,슈퍼구조대 노래
2574,농장 동물 동요
2575,세탁기
2576,청소송
2577,세탁기송
2578,미용실 나들이
2579,앱추천
2580,모양놀이
2581,와글와글
2582,사운드북
2583,어린이 앱
2584,앱 추천
2585,장난감 자동차 놀이
2586,무지개
2587,상상력 키우기
2588,청소기송
2589,생활습관송
2590,아기상어 수영
2591,어린이 수영
2592,수영교실
2593,안전 교육 동화
2594,소방차 출동
2595,특공대
2596,안전특공대
2597,자동차 동요 노래
2598,티렉스
2599,댄스어드벤쳐
2600,안전교육동요
2601,지진 안전
2602,안전 동화
2603,어린이 농장
2604,냉장고송
2605,마법의
2606,변신
2607,우리집 냉장고
2608,변신로봇
2609,마법 동요
2610,가전 동요
2611,애니메이션 영화
2612,영화데이
2613,핑크퐁 콘서트
2614,다섯마리
2615,쑥쑥 체조
2616,깡총깡총
2617,토끼 노래
2618,토끼야
2619,토미카
2620,병아리
2621,꼬꼬닭
2622,삐약삐약
2623,병아리송
2624,뒤죽박죽
2625,어디갔나
2626,다섯 꼬마
2627,인디언
2628,초콜렛
2629,인어공주
2630,인어
2631,공주님
2632,젖소 아주머니
2633,젖소송
2634,음메
2635,트니
2636,트니트니체조
2637,집콕 체조
2638,어린이 만화
2639,타요
2640,띠띠
2641,어린이 교육 노래
2642,어린이집 노래
2643,직업교육
2644,오리는 꽥꽥
2645,찾기
2646,놀이
2647,사운드놀이
2648,어린이 동물농장
2649,동물 따라하기
2650,젖소
2651,구전동요
2652,동요 모음집
2653,모아보기
2654,이어듣기
2655,상어가족 동요
2656,손가락가족
2657,농장동물동요
2658,농장 게임
2659,탈것 동화
2660,슈퍼구조대 동요
2661,설날 노래
2662,한복 동요
2663,설날 동화
2664,까치까치 설날은
2665,구급차 출동
2666,출동이다
2667,출동 동요
2668,이동할때 듣는
2669,가족이 함꼐 듣는
2670,놀이동요
2671,중력
2672,우주
2673,프린세스 동요
2674,공주 이야기
2675,공주 인형
2676,여자 아기 동요
2677,신데렐라
2678,백설공주
2679,미니피자
2680,고구마케이크
2681,어린이 요리사
2682,핑크퐁 만들기
2683,만들기 놀이
2684,아이와 요리
2685,과일젤리
2686,차에서 듣기 좋은
2687,어린이 명절
2688,설날 특집
2689,어린이 설날 동요
2690,핑크퐁 구조대
2691,인기 동요 체조
2692,간식만들기
2693,엄마랑 함께
2694,숫자
2695,모양
2696,모양 색깔
2697,핑크퐁 앱
2698,핑크퐁 학습
2699,댄스댄스
2700,자동차 체조
2701,엄마랑
2702,아이랑 요리
2703,아이랑 함께
2704,동화 모음집
2705,인기 동화
2706,공룡구조대
2707,공룡 게임
2708,자동차노래
2709,요이요이
2710,어린이집동요
2711,음매
2712,동물 따라
2713,2023년
2714,2023
2715,헬리
2716,몸튼튼
2717,아기 간식
2718,아기 요리사
2719,응급처치
2720,실외안전
2721,아야
2722,어린이 안전
2723,생활안전
2724,아야 노래
2725,크리스마스송
2726,크리스마스 인기곡
2727,창밖을 보라
2728,ABC
2729,루돌프
2730,사슴
2731,빨간 코
2732,칸타타
2733,스크루지
2734,구두쇠
2735,냥아치
2736,고얌희
2737,고영희님
2738,냥스타그램
2739,고양이사진
2740,집사소통
2741,집사그램
2742,고양이스타그램
2743,냥이
2744,고양이일상
2745,반려묘
2746,컨셉변신
2747,졸귀
2748,졸귀 고양이
2749,유리 거울 챌린지
2750,유리 거울 댄스
2751,크리스마스 옷
2752,크리스마스 게임
2753,니니모 어드벤처
2754,니니모 고양이 게임
2755,고양이 게임
2756,The Magic Bomb
2757,아빠 크레파스
2758,파닉스
2759,abc
2760,영어 공부
2761,창밖을보라
2762,썰매를 타고
2763,장식하세
2764,만들기
2765,젤리
2766,매일매일
2767,크리스마스 만화
2768,아기상어 캐럴
2769,교통 안전
2770,안전 특공대
2771,크리스마스 애니메이션
2772,극장판
2773,핑크퐁 개봉
2774,겨울 동화
2775,핑크퐁 율동
2776,베이비샤크
2777,babysharkdance
2778,토이
2779,토이 리뷰
2780,색깔 공
2781,핑크퐁 시네마 콘서트
2782,겨울송
2783,계절 동요
2784,하얀 나라
2785,어린이 콘서트
2786,크리스마스 공연
2787,티라노사우릇
2788,어린이 은행
2789,우리은행
2790,우리won
2791,핑크퐁 우리은행
2792,벙어리장갑
2793,벙어리 장갑
2794,손모아장갑
2795,교육 동화
2796,명작 동화
2797,창 밖을 보라
2798,요이요이호
2799,어린이 자동차 동요
2800,어린이 자동차
2801,크리스마스 영화
2802,아기상어 변신
2803,상어가족 변신
2804,핑크퐁 교육
2805,핑크퐁 상어
2806,크리스마스 구두쇠
2807,크리스마스캐럴
2808,old macdonald
2809,수탉
2810,꼬끼오
2811,유아 뮤지컬
2812,대소동
2813,핑크퐁 공연
2814,월드컵
2815,축구송
2816,어린이 축구
2817,치어리더
2818,응원송
2819,응원가
2820,운동송
2821,스포츠송
2822,이모지챌린지
2823,크리스마스 메들리
2824,인기 캐럴
2825,징글벨 연속재생
2826,트럭 만화
2827,핑크퐁 티라노사우루스
2828,스피노사우루스
2829,공룡 뮤지컬
2830,예고편
2831,캐릭터
2832,캐릭터 쇼츠
2833,어린이 응원
2834,월드컵 응원
2835,응원 동요
2836,아기 양
2837,Baa Baa Black Sheep
2838,우는 아기
2839,동생돌보기
2840,까꿍
2841,동생 인형
2842,갓난아기
2843,놀이 교육
2844,이야기 동요
2845,키가 쑥쑥
2846,노노카
2847,nonoka
2848,핑크퐁과
2849,인기 모음집
2850,경찰
2851,생활습관 체조
2852,화장실 동요
2853,오리 동요
2854,동물송
2855,애니멀
2856,오리는
2857,원더스타 애니메이션
2858,cgv
2859,어린이 크리스마스 만화
2860,로봇
2861,동요 로봇
2862,아기 로봇
2863,핑크퐁 인기 동요
2864,큐브 상어
2865,실사 상어
2866,큐브큐브
2867,클레이
2868,크리스마스 어린이
2869,시네마콘서트
2870,아이 지문
2871,유아 지문
2872,지문송
2873,우리 아이
2874,지문등록
2875,지문등록캠페인
2876,아동 캠페인
2877,ESG
2878,핑크퐁 안전
2879,화살쏘기
2880,노을
2881,Choo Choo Train
2882,탈것 체조
2883,4K
2884,튼튼체조
2885,키크는 체조
2886,아기와 친해지기
2887,엄마찾기
2888,함께
2889,어린이집
2890,협동
2891,함께해
2892,상어가족 할로윈
2893,할로윈 코스튬
2894,어린이 할로윈
2895,halloween
2896,pinkfong halloween
2897,할로윈 좀비
2898,좀비
2899,자동차 가족
2900,빵빵
2901,할로윈송
2902,아기상어 학습
2903,놀이교육
2904,hogi
2905,윌리엄
2906,할로윈 버스
2907,spooky
2908,spooky bus
2909,아기상어 동생
2910,attention
2911,hype boy
2912,커버댄스
2913,할로윈 파티
2914,yt:cc=on
2915,아기상어 색칠
2916,색칠놀이
2917,자동차가족
2918,할로윈 장난감
2919,할로윈몬스터
2920,할로윈퍼레이드
2921,아기상어 퍼즐맞추기
2922,할로윈 게임
2923,뉴진스
2924,댄스챌린지
2925,어텐션
2926,정비공
2927,자동차 정비
2928,상어 자동차
2929,수리공
2930,할로윈곡
2931,케이팝
2932,뉴진스 어텐션
2933,attentoin
2934,cookie
2935,동물 사운드북
2936,동물 찾기
2937,유령놀이
2938,핼로윈
2939,마법 놀이
2940,마녀놀이
2941,아기상어 올리
2942,도둑이 된
2943,도둑을 잡아라
2944,할로윈 인기 동요
2945,으악
2946,으스스
2947,무라카타 노노카
2948,콜라보
2949,추천
2950,문화센터 체조
2951,상어 체조
2952,강아지송
2953,반려동물
2954,바른 습관
2955,일본 동요
2956,노노짱
2957,할로윈샤크
2958,뚜루루뚜
2959,뚜루루
2960,냥덕
2961,ninimo intro
2962,Pinkfong intro
2963,cat
2964,ninimo cat
2965,tiktok meme
2966,게임
2967,웹게임
2968,미니 게임
2969,핑크퐁 치카송
2970,변기 훈련
2971,아기 변기
2972,교육 동요'
2973,감성동요
2974,몬스터
2975,babyshark song
2976,babyshark challenge
2977,감정 표현
2978,보글보글
2979,바이러스
2980,인성교육
2981,어린이 예절 교육
2982,응급 처치
2983,유치원에서 듣는
2984,유치원동요
2985,공룡 체조
2986,아기 알약
2987,알약 먹기
2988,젓가락 사용
2989,가위 사용법
2990,아기 마스크
2991,도구 활용
2992,어린이 동요 모음
2993,어린이 매트
2994,고양이 챌린지
2995,세계여행
2996,생일 파티
2997,무지개색
2998,차별금지
2999,우리는 특별해
3000,특별해송
3001,누리 동요
3002,변신 동요
3003,내 꼬리 어디갔나
3004,꼬리찾기송
3005,마술
3006,마술쇼
3007,똥송
3008,급해요
3009,응가가 나오는
3010,무지개똥
3011,화장실 숨바꼭질
3012,핑크퐁 응가송
3013,toy car
3014,놀이동산
3015,장난감 차
3016,피자게임
3017,아기상어 피자
3018,인천공항
3019,공항송
3020,여행갈 때 듣는 도용
3021,여행송
3022,여름방학
3023, 전지적참견시점
3024,친구
3025,한시간 반복
3026,아가상어 올리
3027,밸런스게임
3028,랜덤문답
3029,몽키
3030,씨엘
3031,투애니원
3032,2NE1
3033,K-pop
3034,해초스웩
3035,샤키L
3036,카툰
3037,올리
3038,씨엘 유퀴즈
3039,아기상어 씨엘
3040,신조어
3041,위키피디아
3042,bts
3043,bts yet to come reaction mashup
3044,bts reaction
3045,bts proof
3046,방탄소년단
3047,방탄소년단 proof
3048,방탄티비
3049,앱
3050,젓가락질
3051,NCT
3052,NCT DREAM
3053,엔시티
3054,엔시티 드림
3055,glitch mode
3056,버퍼링 안무
3057,버퍼링 직캠
3058,엔시티 노래
3059,엔시티 노래모음
3060,핑크퐁 NCT
3061,핑크퐁 nct dream
3062,제노
3063,해찬
3064,마크
3065,런쥔
3066,천러
3067,지성
3068,재민
3069,sm ent
3070,연필
3071,연필잡기
3072,연필잡는법
3073,EBS
3074,애니메이션신작
3075,올리와윌리엄
3076,가족애니메이션
3077,서울시
3078,서울시청
3079,서울시 홍보대사
3080,nct dream
3081,엔시티드림
3082,버퍼링
3083,glitch mode reaction
3084,엔시티 직캠
3085,엔시티 뉴스
3086,nct dream 버퍼링
3087,엔시티 플레이리스트
3088,엔시티 핑크퐁
3089,꼬리
3090,동물
3091,돼지동요
3092,최효원마술사
3093,마술영상
3094,oh my girl
3095,오마이걸
3096,승희
3097,유빈
3098,유아 직캠
3099,아린
3100,지호
3101,미미
3102,효정
3103,오마이걸 노래모음
3104,오마이걸 real love
3105,color
3106,엔시티 드림 핑크퐁
3107,공룡 abc
3108,글리치 모드
3109,글리치 모드 엔시티
3110,아이키
3111,aiki
3112,아이키 노제
3113,아이키여워
3114,아이키 춤
3115,아이키 댄스
3116,아이키 예능
3117,bruno mars
3118,cover song
3119,cover dance
3120,훅
3121,hook
3122,스우파
3123,아이키 무대 모음
3124,아이키 무대
3125,아이키 틱톡
3126,아이키 훅
3127,스트릿우먼파이터
3128,식목일
3129,나무심기
3130,핑크퐁 식목일
3131,나무
3132,grammy 2022 live
3133,grammy bts
3134,그래미 어워드 2022 생중계
3135,그래미 어워드 2022
3136,방탄
3137,방탄소년단 버터
3138,poop
3139,poo
3140,어린이 응가송
3141,응가송 핑크퐁응가
3142,응가송 노래
3143,무지개똥 슬라임
3144,호이의놀이교실
3145,poo poo song
3146,cu 엔시티
3147,엔시티 드림 버퍼링
3148,nct 직캠
3149,playlist
3150,플레이리스트
3151,닯은꼴핑터
3152,틱톡
3153,short
3154,tiktok
3155,건조기
3156,LG전자
3157,오브제컬렉션
3158,자동차장난감
3159,정국
3160,rm
3161,뷔
3162,슈가
3163,제이홉
3164,진
3165,dynamite
3166,방탄 콘서트
3167,환경
3168,환경동요
3169,환경보호동요
3170,challenge
3171,니니모챌린지
3172,pinkfong shark
3173,쓰레기차
3174,쓰레기
3175,쓰레기차 장난감
3176,korean baby shark sleeping song
3177,아기상어동요
3178,아기상어놀이
3179,bedtime stories pinkfong
3180,아이브
3181,ive
3182,eleven
3183,eleven ive
3184,아이브 일레븐
3185,아이브 이서
3186,아이브 원영
3187,아이브 유진
3188,아이브 레이
3189,아이브 리즈
3190,아이브 가을
3191,일레븐 교차편집
3192,일레븐 커버
3193,일레븐 안무
3194,일레븐 1시간
3195,일레븐 가사
3196,eleven 안무
3197,aprender
3198,bahasa
3199,belajar
3200,coreano
3201,korean
3202,learning
3203,song
3204,리믹스
3205,반복
3206,아기
3207,말랑이
3208,말랑이거래
3209,말랑이 거래
3210,말랑이 온라인
3211,팝잇
3212,팝잇 거래
3213,"핑크퐁
pinkfong"
3214,새해동요
3215,신년맞이
3216,새해인사
3217,2022
3218,통일부
3219,통일
3220,연말동요
3221,핑크퐁동요모음
3222,핑크퐁경찰차
3223,핑크퐁경찰차체조
3224,핑크퐁자동차
3225,경찰차동요
3226,zmfltmaktm
3227,DreamsComeTrue
3228,YouTubeShorts
3229,Challenge
3230,드컴챌
3231,겨울
3232,Me Too
3233,Meghan Trainor
3234,stayc
3235,색안경
3236,색안경챌린지
3237,색안경 안무
3238,색안경 댄스
3239,색안경 가사
3240,스테이씨 asap
3241,스테이씨 so bad
3242,쇼츠챌린지
3243,stayc reaction
3244,파일럿
3245,운전사
3246,상어가족할로윈
3247,핑크퐁율동	아기상어
3248,올챙이송
3249,할로윈준비
3250,halloween song
3251,zombie
3252,halloween shark
3253,국악버전 아기상어
3254,인사
3255,핑크퐁동화이야기
3256,버스안전
3257,안전습관
3258,안전벨트교육
3259,헬로키티
3260,hello kitty
3261,생일선물 추천
3262,어린이 생일축하
3263,곰세마리
3264,작은별
3265,호랑이
3266,핑크퐁동물동요
3267,어린이동물
3268,호랑이동요
3269,애니메이션 ost
3270,탐험동요
3271,탐험동요체조
3272,탐험체조
3273,바다탐험대
3274,정글체조
3275,탐험송
3276,자장자
3277,수면습관
3278,수면
3279,어린이수면
3280,어린이자장가
3281,핑크퐁자장가
3282,핑크퐁생활습관
3283,유치원낮잠
3284,낮잠동요
3285,인체동요
3286,핑크퐁이간다
3287,아기상어리믹스
3288,상어송
3289,상어가족체조
3290,아기상어챌린지
3291,sea animals
3292,고래
3293,문어
3294,바다사자
3295,해마
3296,바다동물동요모음
3297,불가사리
3298,바다거북
3299,어린이만화
3300,핑크퐁루비버튼
3301,루비버튼
3302,블랙핑크
3303,ruby button youtube
3304,youtube
3305,유튜브 루비버튼
3306,루비버튼 언박싱
3307,색칠
3308,아기상어색칠놀이
3309,어린이앱
3310,핑크퐁이 간다
3311,숲속
3312,숲속동요
3313,숲속을 걸어요
3314,육아동요
3315,어린이육아동요
3316,울음 그치는 동요
3317,돼지송
3318,핑크퐁토이
3319,핑크퐁랭킹쇼
3320,리얼상어가족
3321,실사상어가족
3322,튼튼썜체조
3323,유치원어린이
3324,어린이유치원
3325,유치원영상
3326,어린이 핑크퐁
3327,핑크퐁 동요모음
3328,어린이 동요모음
3329,동요 무한반복
3330,핑크퐁영상
3331,spot the difference
3332,다른그림찾기
3333,한여름의아기상어
3334,핑크퐁자동차동요
3335,우정동요
3336,친구와함께
3337,상어가족종이접기
3338,아기상어핑크퐁
3339,이름상어
3340,baby shark and 99 friends korean
3341,튼튼썜율동체조
3342,핑크퐁튼튼쌤
3343,어린이율동
3344,어린이율동모음
3345,아기사자
3346,몬스터트럭
3347,자동차경주
3348,상어가족동요
3349,핑크퐁베이비
3350,pinkfong baby shark
3351,여름동요듣기
3352,핑크퐁공룡
3353,공룡노래듣기
3354,공룡나라
3355,콩순이공룡
3356,뽀로로공룡
3357,어린이공룡노래
3358,아기상어올리
3359,아기상어노래
3360,올리노래
3361,올리 채널
3362,babyshark bigshow
3363,치타
3364,animal song
3365,치타 노래
3366,아기상어노래듣기
3367,바다빌딩
3368,블록놀이
3369,유아동요
3370,baby
3371,생습송
3372,응급처치동요
3373,응급처치동요모음
3374,응급
3375,주니토니
3376,상어가족숨바꼭질
3377,아기상어와 숨바꼭질
3378,튼율체
3379,난타
3380,어린이난타
3381,난타체조
3382,NCTDREAM
3383,nct
3384,nct127
3385,엔시티 리액션
3386,핫소스
3387,맛
3388,엔시티 무대
3389,엔시티 드림 직캠
3390,엔시티 무대 리액션
3391,엔드림
3392,칠드림
3393,NCT dream mv
3394,시즈니
3395,엔시티즌
3396,엔시티라이프
3397,상어가족 영어
3398,바다동요
3399,summer song
3400,아기상어운동
3401,아기상어율동
3402,맛핫소스
3403,hot sauce
3404,태용
3405,쟈니
3406,고래 직캠
3407,레인보우
3408,핫소스직캠
3409,아기상어무한반복
3410,아기상어 체조 무한반복
3411,알록달록버스
3412,무지개동요
3413,정글붐붐
3414,바닷속에는
3415,어린이병원놀이
3416,핑크퐁장난감
3417,핑크퐁우주
3418,외계인
3419,pinkfong solar system
3420,nct dream 맛
3421,핑크퐁 엔시티
3422,엔시티 비하인드
3423,비하인드
3424,엔시티드림 공룡
3425,공룡 abc 비하인드
3426,엔시티 마크
3427,공룡abc
3428,nctdream
3429,드림
3430,엔시티드림 비하인드
3431,#shorts
3432,nct 마크
3433,잭과콩나무
3434,어린이동화
3435,동화뮤지컬
3436,뮤지컬동화모음
3437,핑크퐁 뮤지컬 동화
3438,핑크퐁 뮤지컬 명작동화
3439,영어동화
3440,어린이교육동화
3441,육아지원공간
3442,아이행복한서울
3443,생태친화어린이집
3444,녹색장난감도서관
3445,열린육아방
3446,서울상상나라
3447,sm entertainment
3448,쿤
3449,성찬
3450,재현
3451,정우
3452,루카스
3453,텐
3454,도영
3455,양양
3456,쇼타로
3457,유타
3458,샤오쥔
3459,태일
3460,상어가족노래
3461,엄마노래
3462,어린이공룡동요
3463,공룡메카드
3464,earthday
3465,지구
3466,상어동요
3467,무료동요
3468,컬러링
3469,호기심
3470,상어
3471,어린이 동물동요
3472,animal
3473,때껄룩
3474,때껄룩 드라이브
3475,essential
3476,음악 모음
3477,노래 모음
3478,봄 노래 모음
3479,떼껄룩 공부
3480,떼껄룩 첫사랑
3481,플레이리스트 케이팝
3482,정글
3483,호기무한반복
3484,호기문짝챌린지
3485,상어무한반복
3486,동요무한반복
3487,상어가족무한반복
3488,아기상어 핑거패밀리
3489,버거킹
3490,버거킹아기상어
3491,아기상어버거킹
3492,새우버거
3493,상어가족새우버거송
3494,새우버거송
3495,버거킹신상버거
3496,새우버거먹방
3497,burger king
3498,방귀송
3499,뿡뿡노래
3500,식기세척기
3501,에어컨
3502,LG
3503,콜라보영상
3504,용감해지기
3505,어비스리움 아기상어
3506,수족관
3507,나만의수족관
3508,플레로게임즈
3509,강아지아기상어
3510,핑크퐁 봄 동요
3511,버스송모음
3512,bus song
3513,the wheels on the bus
3514,알록달록 버스
3515,핑크퐁 버스
3516,사랑에빠진사자
3517,핑크퐁 티라노
3518,가족사랑동요
3519,엄마아빠동요
3520,어린이가족동요
3521,형제노래
3522,사랑동요
3523,핑크퐁이야기극장
3524,이야기
3525,상어가족동화
3526,세계여행송
3527,댄스
3528,주사위
3529,보드게임
3530,핑크퐁인성동요
3531,친구동요
3532,사이좋게지내요
3533,모두제자리
3534,핑크퐁한글
3535,핑크퐁생활습관동요
3536,생활습관 동요 모음
3537,pinkfong song
3538,화해하기
3539,남매노래
3540,남매장난
3541,공주동요
3542,공주동화
3543,공주송
3544,잠자는숲속의공주
3545,미녀와야수
3546,라푼젤
3547,월드송
3548,지구마을
3549,지구여행
3550,생습
3551,상어가족리믹스
3552,생활습관핑크퐁
3553,디스코상어가족
3554,상어가족율동
3555,체조송
3556,핑크퐁이야기동화
3557,디스코
3558,디스코상어
3559,상어가족게임
3560,앱트레일러
3561,핑크퐁 호기 원더스타 핑크퐁원더스타 핑크퐁애니메이션 유아애니메이션 어린이애니메이션 유튜브오리지널 핑크퐁호기.핑크퐁동화 애니메이션
3562,모험 어린이 유아 명탐정
3563,핑크퐁원더스타
3564,핑크퐁애니메이션
3565,유튜브오리지널
3566,핑크퐁호기.핑크퐁동화
3567,모험
3568,명탐정
3569,곰
3570,누리동요
3571,중장비차동요
3572,중장비노래
3573,공룡놀이
3574,양치
3575,양치송 모음
3576,양치습관동요
3577,어린이 양치동요
3578,이닦기 교육
3579,이닦기노래
3580,brush your teeth pinkfong
3581,새해맞이송
3582,새해맞이동요
3583,새해카운트다운
3584,뽀로로
3585,콩순이
3586,미니특공대
3587,새해노래
3588,신년맞이노래
3589,2021
3590,2021해돋이
3591,2021노래
3592,연말
3593,인기동요듣기
3594,키즈송
3595,해피뉴이어
3596,해피뉴이어노래
3597,해피뉴이어동요
3598,아기상어메들리
3599,BEST동요
3600,아기상어한글
3601,아기상어영어
3602,유퀴즈
3603,핑크퐁 생활습관송2
3604,코코멜론
3605,베이비버스
3606,응급차
3607,크리스마스캐롤
3608,캐롤모음
3609,핑크퐁캐롤
3610,아기상어캐롤
3611,아이들캐롤
3612,어린이캐롤
3613,캐롤반복
3614,크리스마스동요모음
3615,핑크퐁캐럴
3616,연말노래
3617,연말파티
3618,핑크퐁캐롤모음
3619,캐롤송
3620,christmas
3621,상어가족메들리
3622,아기상어반복
3623,크리스마스아기상어
3624,크리스마스상어가족
3625,캐롤듣기
3626,동요반복
3627,동요동화모음
3628,캐롤 모음
3629,아기상어크리스마스
3630,핑크퐁크리스마스
3631,핑크퐁신곡
3632,스노우맨
3633,snowman
3634,크리스마스노래
3635,모양송
3636,그림놀이
3637,컬러송
3638,스크루지영감
3639,뮤지컬동화
3640,유아동화
3641,크리스마스동화뮤지컬
3642,호두까기인형
3643,christmas song
3644,빨간 코 아기상어
3645,징글벨 율동
3646,캐롤메들리
3647,상어가족1위
3648,상어가족챌린지
3649,베이비샤크 리믹스
3650,베이비샤크 댄스
3651,삼성출판사
3652,유튜브1위
3653,상어가족국악
3654,동요반복재생
3655,유아동요모음
3656,크리스마스노래모음
3657,정글벨
3658,산타노래
3659,교통안전
3660,횡단보도
3661,교통안전교육
3662,핑크퐁동화모음
3663,크리스마스캐롤모음
3664,12월캐럴
3665,어린이캐럴
3666,아기상어캐럴
3667,루돌프사슴코노래
3668,울면안돼캐롤
3669,동요캐롤
3670,캐럴메들리
3671,캐럴연속듣기
3672,car
3673,car song
3674,핑크퐁 호기 원더스타 핑크퐁원더스타 핑크퐁애니메이션 유아애니메이션 어린이애니메이션 유튜브오리지널 핑크퐁호기.핑크퐁동화 애니메이션 모험 어린이 유아 명탐정
3675,운동동요
3676,여행
3677,동요듣기
3678,유아노래
3679,유아노래모음
3680,유아동요듣기
3681,콜라보동요
3682,바나나차차
3683,육아도우미
3684,육아도우미핑크퐁
3685,어린이동요듣기
3686,동생을돌봐요
3687,생활습관동요듣기
3688,핑크펑
3689,어린이생활습관
3690,어린이교육동요
3691,어린이학습동요
3692,핑크퐁라이트
3693,핑크라이트
3694,서울
3695,남산타워
3696,동대문디자인플라자
3697,세빛섬
3698,세종문화회관
3699,코로나19
3700,코로나예방
3701,코로나수칙
3702,반복모음집
3703,반복동요
3704,할로윈상어
3705,아기상어무한반복듣기
3706,유령
3707,마녀
3708,할로윈동요모음
3709,할로윈공룡
3710,할로윈자동차
3711,좀비상어
3712,할로윈체조
3713,할로윈상어가족
3714,유령상어
3715,할로윈노래영어
3716,할로윈노래듣기
3717,호박
3718,할로윈호박
3719,결혼식
3720,사자 결혼식
3721,유령송
3722,할로윈동요듣기
3723,유령노래
3724,아기상어송
3725,babyshark dance
3726,mermaid
3727,바다
3728,기린
3729,버팔로
3730,핑크퐁동물
3731,가을동요듣기
3732,동물동요듣기
3733,곤충동요
3734,곤충노래
3735,토이쇼
3736,아기상어장난감
3737,아기상어토이
3738,아기상어장난감놀이
3739,핑크퐁장난감놀이
3740,어린이장난감
3741,토이송
3742,장난감송
3743,해골
3744,해적
3745,해적상어
3746,toy
3747,toy show
3748,babyshark toy
3749,알파벳
3750,어린이 운동동요
3751,할로윈파티
3752,할로윈분장
3753,핑크퐁할로윈
3754,할로윈분장놀이
3755,Halloween
3756,발레리나
3757,할로윈유치원
3758,핑크퐁할로윈영어
3759,핑크퐁할로윈동요
3760,뱀파이어결혼식
3761,뱀파이어결혼식1시간
3762,핑크퐁뱀파이어
3763,할로윈인기동요
3764,할로윈아기상어
3765,동요노래
3766,동요노래방
3767,동요노래듣기
3768,어린이한글
3769,한글교육송
3770,아기상어할로윈
3771,아기상어숨바꼭질
3772,핑크퐁인형
3773,아기상어인형
3774,아기상어자장가
3775,어린이할로윈
3776,할로윈장난감
3777,아기상어랑숨바꼭질해요
3778,할로윈노래모음
3779,핑크퐁숨바꼭질
3780,국악놀이
3781,국악동요모음
3782,국악음악
3783,국악 어린이 동요
3784,어린이 국악 동요
3785,핑크퐁노래
3786,어린이노래듣기
3787,어린이노래동요
3788,아이들동요
3789,노래동요
3790,아이들노래
3791,응급처치송
3792,어린이응급처치
3793,동화보기
3794,아기동화
3795,핑크퐁동화보기
3796,인기전래동화
3797,인기동화
3798,흥부놀부
3799,콩쥐팥쥐
3800,도깨비
3801,선녀와나무꾼
3802,공룡abc1시간
3803,공룡abc 천러
3804,공룡abc 영어
3805,NCT드림
3806,NCTzen
3807,nct daily
3808,NCT dance
3809,chenle
3810,nct 127
3811,Kpop
3812,핑크퐁인기동요모음
3813,핑크퐁공룡동요
3814,dino
3815,dinosaur song
3816,pop
3817,추석동요모음
3818,잘잘잘
3819,숫자세기
3820,안전교육송
3821,핑크퐁동요듣기
3822,명절음악
3823,명절노래
3824,어린이추석노래
3825,추석송
3826,추석음식
3827,신나는동요
3828,추석노래동요
3829,추석노래모음
3830,명절동요모음
3831,가족명절동요
3832,명절
3833,어린이명절동요
3834,할로윈핑크퐁
3835,1시간반복
3836,동요 반복재생
3837,연속듣기
3838,해적아기상어
3839,상어할로윈
3840,다른그림
3841,어린이놀이
3842,상어가족송
3843,튼튼썜율동체조보기
3844,돌고래
3845,바닷속에는율동
3846,돌고래율동
3847,가을에듣는노래
3848,가을에듣는동요
3849,메들리듣기
3850,동요메들리노래방
3851,어린이노래방
3852,핑크퐁체조모음
3853,집에서들어요
3854,집에서함께해요
3855,뱀파이어노래
3856,핑크퐁 좀비
3857,좀비댄스
3858,우주동요모음
3859,행성
3860,태양계동요
3861,핑크퐁어쿠스틱
3862,핑크퐁음원
3863,핑크퐁mp3
3864,핑크퐁 바다동요
3865,튼튼쌤율동교실
3866,체조배우기
3867,아이체조
3868,집에서 체조하기
3869,집에서 체조
3870,어린이키크기체조
3871,아기상어채널
3872,유튜브채널
3873,미아예방송
3874,미아송
3875,미아예방교육
3876,미아
3877,미아예방
3878,미아예방동요
3879,바닷속행진
3880,메들리
3881,수영이좋아
3882,수영
3883,수영송
3884,어린이 튜브
3885,아기상어 튜브
3886,스포츠
3887,어린이 스포츠
3888,어린이 수영장
3889,모양동요
3890,어린이 모양송
3891,어린이 노래모음
3892,모양놀이 노래
3893,모양익히기
3894,모양 동화
3895,동그라미
3896,세모
3897,네모
3898,마름모
3899,모양그리기
3900,그림그리기
3901,그리기
3902,어린이 교육
3903,교육송
3904,모양체조
3905,모양동요모음
3906,아기상어동요듣기
3907,동요 메들리
3908,샤크위크
3909,바다파티
3910,어기상어의바다파티
3911,상어가족모음집
3912,상어가족영어
3913,가오리
3914,물개
3915,어린이동물동요
3916,산호
3917,용돈송
3918,우리은행 아기상어
3919,아기상어 우리은행
3920,저축송
3921,저축 습관
3922,어린이 저축 습관
3923,어린이 통장
3924,우리은행 통장
3925,어린이 우리은행
3926,원더카
3927,명탐정핑크퐁과호기
3928,핑크퐁율동	명탐정
3929,어린이 병원놀이
3930,인체송
3931,기아자동차
3932,안전벨트송
3933,기아 자동차
3934,카니발
3935,아기상어안전벨트송
3936,물놀이안전
3937,물놀이송
3938,안전특공대 동요
3939,안전동요듣기
3940,어린이 유치원 교육
3941,sharkweek
3942,디스커버리 샤크위크
3943,shark week song
3944,shark week 2020
3945,손가락놀이상어가족
3946,아기상어 영어
3947,아기상어 노래방
3948,디스커버리
3949,샤크
3950,상어가족모음
3951,shark week
3952,discovery shark week
3953,discovery channel
3954,샤크위크스페셜
3955,샤크위크상어
3956,야외안전송
3957,안전송모음
3958,키즈안전송
3959,유아안전교육
3960,유치원안전송
3961,유치원 안전 교육
3962,캠핑 안전송
3963,8월은아기상어
3964,아기상어 특집
3965,올리아기상어
3966,상어가족 100분
3967,아기상어 100분
3968,핑크퐁듣기
3969,핑크퐁틀어줘
3970,tiburon bebe
3971,냠냠송
3972,식습관송
3973,밥먹기송
3974,밥먹기동요
3975,어린이식습관
3976,편식송
3977,편식하는아이
3978,밥이좋아
3979,유아식습관
3980,아기상어pop
3981,babyshark remix
3982,babyshark pop
3983,서울시핑크퐁
3984,핑크퐁서울시
3985,참고마워요
3986,핑크퐁 서울시 홍보대사
3987,보건복지부
3988,코로나19 예방 안전교육
3989,바이러스예방
3990,kid song
3991,seoul
3992,서울특별시
3993,아기상어 손씻기
3994,거리두기
3995,생활속거리두기
3996,쉬야송
3997,응가
3998,응가동요
3999,배변습관
4000,응가동요모음
4001,생활습관동요 모음
4002,참지말고응가해요
4003,코로나
4004,사회적거리두기
4005,거리두기수칙
4006,생활방역
4007,코로나거리두기
4008,i seoul you
4009,핑크퐁안전동요
4010,안전특공대 핑크퐁
4011,유아동요모음집
4012,인성
4013,아이교육
4014,생활습관동요모음집
4015,생활습관동화
4016,어린이 키 크기
4017,키 크기
4018,둥근해가떴습니다
4019,햇님
4020,햇님송
4021,스마트스터디
4022,smartstudy
4023,식중독예방
4024,식중독
4025,핑크퐁안전특공대
4026,공룡특집
4027,티라노사우르스
4028,pinfong dinosaur
4029,아이들공룡
4030,응급송
4031,생활습관송 모음
4032,핑크퐁아기상어노래
4033,핑크퐁클레이
4034,찰흙으로만들기
4035,클레이송
4036,클레이만들기
4037,아기상어클레이
4038,상어가족클레이
4039,sea animal
4040,모음집
4041,핑크퐁만들기
4042,핑크퐁교육동요
4043,세균
4044,세균예방
4045,건강동요
4046,미세먼지송
4047,환경송
4048,환경교육송
4049,환경지키기송
4050,미세먼지
4051,코로나안전수칙
4052,시크릿쥬쥬
4053,놀이퐁
4054,장난감동요
4055,핑크퐁토이쇼
4056,둥물장난감
4057,핑크퐁언니
4058,토이리뷰
4059,pinkfong toy
4060,babyshakr toy
4061,toy review
4062,toy song
4063,kids toy
4064,kids toy show
4065,열꼬마아이들
4066,탭댄스
4067,핑크퐁호기
4068,여름노래듣기
4069,핑크퐁여름동요
4070,썸머송
4071,아기상어 채널
4072,핑크퐁채널
4073,여름동요메들리
4074,핑크퐁여름
4075,summer
4076,어린이동요연속듣기
4077,동요100분
4078,동요100곡
4079,노래연속듣기
4080,핑크퐁연속듣기
4081,고래클레이
4082,동물클레이
4083,클레이동요
4084,clay
4085,질병관리본부
4086,탕후루만들기
4087,어린이탕후루
4088,해양생물
4089,해양동물
4090,해양생물 동요
4091,해파리
4092,귀상어
4093,바다생물
4094,해양동요
4095,sea
4096,물고기동요
4097,물고기
4098,동요모음듣기
4099,어린이동요모음집
4100,인성동요모음
4101,아기상어손씻기
4102,거리두기습관송
4103,social distancing
4104,panda song
4105,핑크퐁영어
4106,pinkfong hogi
4107,덕분에송
4108,코로나19예방
4109,덕분에
4110,덕분에챌린지
4111,덕분에챌린지연예인
4112,덕분에챌린지 정은경
4113,펭수
4114,어린이노래모음
4115,손가락놀이아기상어
4116,핑크퐁모음집
4117,핑크퐁동요모음집
4118,덕분에챌린지동요
4119,덕분에챌린지문재인
4120,덕분에챌린지아기상어
4121,덕분에챌린지모음
4122,코로나현황
4123,수어
4124,수화
4125,수어노래
4126,수화노래
4127,수화배우기
4128,코로나동요
4129,코로나송
4130,손씻기
4131,아기상어손씻기챌린지
4132,손씻기노래
4133,코로나바이러스
4134,덕분에챌린지 문재인
4135,덕분에챌린지 아기상어
4136,의료진
4137,코로나의료진
4138,건령
4139,윌로
4140,babysharkhandwashchallenge
4141,손씻기동요
4142,손씻기교육
4143,대한민국코로나
4144,핑크퐁 아기상어무한반복
4145,동요모음곡
4146,한글동요모음
4147,유치원노래
4148,유치원동요모음집
4149,shark
4150,shark song
4151,올리와함께하이핀
4152,하이핀챌린지
4153,어린이인성동요
4154,상어버스
4155,핑크퐁아기자동차
4156,babysharkdance remix
4157,올망졸망열꼬마
4158,숫자세기동요
4159,핑크퐁아리랑
4160,아리랑
4161,아리랑동요
4162,arirang
4163,coloring
4164,키즈특공대
4165,색깔놀이영어
4166,color song
4167,아기상어 듣기
4168,야구응원가
4169,NC다이노스
4170,김영규
4171,박진우
4172,나성범
4173,이재학
4174,레드렉스
4175,kbo
4176,kbo espn
4177,야구선수
4178,공룡송 핑크퐁
4179,핑크퐁공룡송
4180,공룡따라해봐요
4181,nc
4182,단디 쎄리
4183,야구개막
4184,야구어린이
4185,야구팬
4186,야구응원
4187,야구치어리더
4188,야구치어리딩
4189,공룡상어
4190,공룡아기상어
4191,공룡상어가족
4192,공룡상어동요
4193,NC
4194,한국야구
4195,한국야구응원 해외반응
4196,north carolina
4197,무관중경기
4198,KBO
4199,야구경기
4200,어린이스포츠송
4201,어린이공룡송
4202,렉스
4203,어린이선물
4204,야구 개막
4205,야구 응원
4206,야구 떼창
4207,야구 어린이팬
4208,야구 어린이
4209,아빠동요
4210,daddy
4211,가정의달동요
4212,어린이날동요
4213,육아대디
4214,육아대디 안무
4215,아빠
4216,아빠동요모음
4217,엄마동요
4218,부모님동요
4219,엄마가사랑해
4220,mothersday
4221,mommy
4222,mother
4223,babymother
4224,엄마아빠노래
4225,아빠노래
4226,가정의달노래
4227,아기상어리믹스 1시간
4228,아가동요
4229,아기노래
4230,인기노래
4231,가족동요듣기
4232,핑크퐁가족동요
4233,아기동요모음
4234,울산시
4235,울산시핑크퐁
4236,달고나
4237,울산
4238,울산광역시
4239,튼튼쌤율동동요
4240,울산홍보영상
4241,여행영상
4242,브이로그
4243,핑크퐁브이로그
4244,핑크퐁여행
4245,유아베스트동요
4246,핑크퐁울산시
4247,여행브이로그
4248,어린이날노래
4249,해울이
4250,울산고래
4251,울산여행
4252,어린이날 선물
4253,핑크퐁가정의달동요
4254,봄노래듣기
4255,childrensday
4256,유아체조율동
4257,어린이날선물
4258,노래듣기
4259,아기가좋아하는동요
4260,베스트인기동요
4261,2020인기동요
4262,바다코끼리
4263,환경부
4264,지구의날 노래
4265,지구의날 동요
4266,환경의날
4267,지구의날50주년
4268,day of earth
4269,호기채널
4270,지구의날동요
4271,지구의날노래
4272,지구의날이벤트
4273,호기문짝댄스챌린지
4274,youtubechallenge
4275,stayhome
4276,호기채널오픈
4277,호기채널동요
4278,집에서함께놀아요
4279,집에서운동
4280,집에서놀기
4281,호기율동
4282,어린이체조모음
4283,핑크퐁율동모음
4284,유아동요베스트
4285,동화모음집
4286,동화이어보기
4287,어린이동화보기
4288,종이접기
4289,핑크퐁놀이동요
4290,유아만들기
4291,집에서놀아요
4292,바닷가재
4293,올바른손씻기
4294,6단계손씻기
4295,올바르게손씻기
4296,손씻기6단계
4297,코로나바이러스예방
4298,손씻기단계
4299,아기상어새우버거
4300,버거킹상어가족
4301,버거킹리뷰
4302,상어가족새우버거
4303,버거킹신메뉴
4304,버거킹메뉴
4305,햄버거
4306,먹방리뷰
4307,햄버거리뷰
4308,핑크퐁율동체조
4309,핑크퐁댄스
4310,유아율동
4311,유아율동체조
4312,어린이율동체조
4313,핑크퐁체조모음집
4314,집에서함께운동해요
4315,손씻기동영상
4316,손씻기안전교육
4317,손씻는순서
4318,브람스자장가
4319,유아자장가
4320,홈스쿨
4321,어린이예절교육
4322,어린이학습동요ㅅ
4323,화가날땐
4324,버거킹송
4325,알로사우르스
4326,어린이자동차동요
4327,어린이자동차노래
4328,구급차동요
4329,교통안전송
4330,baby car
4331,차 동요
4332,어린이인기동요
4333,어린이유튜브
4334,호기핑크퐁
4335,올바른 손씻기
4336,어린이손씻기교육
4337,코로나손씻기
4338,아기상어 코로나
4339,wash your hands
4340,아기상어지롱
4341,aprilfoolsday
4342,만우절 아기상어
4343,만우절 상어가족
4344,washyourhands
4345,개학연기
4346,손씻기챌린지
4347,30초손씻기
4348,손닦기
4349,손닦기송
4350,손씻기안전교육송
4351,어린이손씻기송
4352,nursery song
4353,어린이손씻기동요
4354,유아손씻기
4355,유아손씻기동요
4356,손닦는방법
4357,코로나바이러스스 영상
4358,손씻기예방교육
4359,코로나예방교육
4360,공룡동요듣기
4361,공룡나오는
4362,한글단어
4363,한글단어공부
4364,한글노래
4365,한글배우기노래
4366,유아한글교육
4367,핑크퐁한글동요
4368,한글첫걸음
4369,한글동요듣기
4370,한글영상
4371,babysharkhandwash
4372,어린이손씻기
4373,doo doo roo doo doo
4374,상어가족손씻기
4375,아기상어동요모음
4376,한글아기상어
4377,한국
4378,babyshark korean
4379,코로나바이러스손씻기
4380,20초손씻기
4381,고마워송
4382,어린이인성교육
4383,어린이학습
4384,생활예절
4385,공룡뮤지컬
4386,공룡동화보기
4387,손씻기영상
4388,손씻기 단계
4389,손씻기 동화
4390,코로나예방영상
4391,corona song
4392,washhands
4393,cleanhands
4394,손씻기캠페인
4395,상어가족빠른버전
4396,코로나영상
4397,coronavirus
4398,코로나바이러스예방송
4399,어린이손닦기교육
4400,손닦기안전교육
4401,washyourhands into
4402,washyourhands song
4403,손씻을때듣는노래
4404,아기상어뚜루루뚜루
4405,손씻기의중요성
4406,유아손씻기교육
4407,올바른손씻기단계
4408,한글핑크퐁
4409,핑크퐁한글공부
4410,아기상어애니메이션
4411,상어가족듣기
4412,핑크퐁티라노
4413,티라노사우르스 렉스
4414,tyrannosaurus
4415,핑크퐁동화공룡
4416,어린이공룡
4417,봄에듣는동요
4418,봄어린이동요
4419,봄
4420,아이들동요듣기
4421,인기동요모음집
4422,spring song
4423,nursery rhyme song
4424,핑크퐁모음
4425,핑크퐁율동동요
4426,봄동요듣기
4427,봄노래모음동요
4428,뮤직비디오
4429,아기상어뮤직비디오
4430,핑크퐁상어가족
4431,상어가족걸음마
4432,걸음마송
4433,걸음마
4434,걸음이느린아이
4435,걸음마 아기
4436,걸음마 연습
4437,걸음마 노래
4438,걸음마 브금
4439,걸음마 광고
4440,걸음마 노래모음
4441,아기걸음마
4442,아기 걸음마 동요
4443,아기 걸음마 연습
4444,아기 걸음마 보조기
4445,걸음마동요듣기
4446,걸음마 배경음악
4447,바이러스안전교육
4448,어린이바이러스예방
4449,아기돼지송
4450,아기돼지 삼형제
4451,바이러스예방동요
4452,코로나바이러스교육
4453,어린이건강동요
4454,어린이생활교육
4455,태권파워체조
4456,safehands
4457,멋쟁이토마토율동
4458,토마토노래
4459,멋쟁이토마토노래
4460,손씻기어린이교육
4461,핑크퐁댄스댄스
4462,핑크퐁 생일축하노래
4463,아기상어 유산슬
4464,핑크퐁 동요 율동
4465,생일축하동요모음
4466,생일축하동요
4467,생일축하해요
4468,핑크퐁생일축하
4469,찬열
4470,생일축하노래모음
4471,아기상어생일
4472,happybirthday
4473,birthday
4474,birthdaysong
4475,생일잔치노래
4476,생일파티동요
4477,유치원생일파티
4478,파티동요
4479,딸기송
4480,또로롱딸기
4481,또로롱딸기소녀
4482,핑크퐁딸기송
4483,과일송
4484,과일송메들리
4485,만렙키즈
4486,kpopreaction
4487,kpopkids
4488,키즈모델
4489,키즈모델모집
4490,키즈모델홍보
4491,아역배우
4492,아역배우홍보
4493,어린이예능
4494,키즈유튜버
4495,키즈유튜버 수익
4496,어린이유튜버
4497,초딩유튜버
4498,초딩유튜브
4499,양띵
4500,마이린
4501,총몇명
4502,초딩
4503,유튜버되기
4504,bts on
4505,billboard
4506,유튜버
4507,인기유튜버
4508,밍꼬발랄
4509,급식왕
4510,odg
4511,아이들에게
4512,유재석
4513,유산슬
4514,놀면뭐하니
4515,트로트아기상어
4516,유튜브
4517,오디션
4518,노래오디션
4519,bighit
4520,가수오디션
4521,유튜버되는법
4522,샌드박스
4523,kids video
4524,cute moment
4525,유치원등원동요
4526,코로나개학연기
4527,핑크퐁학습
4528,핑크퐁교재
4529,kindergarten
4530,유치원에서
4531,유치원에서배우는노래
4532,유치원에서 배우는동요
4533,초등학교
4534,어린이집노래
4535,어린이집개학
4536,어린이집개학연기
4537,핑크퐁영화
4538,시사회
4539,무대인사
4540,pinkfong classical music
4541,핑크퐁 인기동요
4542,잘준비송
4543,어린이 생활교육
4544,잘준비
4545,어린이 생활습관
4546,잘준비할때 들어요
4547,같이 잘 준비해요
4548,잘준비 동요 모음
4549,한글배우기동요
4550,한글동요핑크퐁
4551,손씻기핑크퐁동요
4552,신나는동요모음
4553,어린이유치원동요
4554,바이러스예방교육
4555,어린이생활안전송
4556,티라노사우르스동요
4557,티라노 렉스
4558,아기상어무한
4559,어린이동요무한반복
4560,핑크퐁동요무한반복
4561,저녁동요
4562,아이와 놀아주기
4563,아이와 듣기좋은 노래
4564,코토모냥 월드송
4565,세계여행 동요
4566,세계동요메들리
4567,귀여운고양이
4568,귀여운고양이모음
4569,8비트아기상어
4570,babyshark pinkfong
4571,8비트
4572,8비트 상어가족
4573,아기상어극장판
4574,핑크퐁홈스쿨
4575,핑크퐁티비스쿨
4576,영유아홈스쿨
4577,육아정보
4578,육아꿀팁
4579,사회성교육
4580,핑크퐁동요동화
4581,홈스쿨라방다시보기
4582,아이챌린지
4583,카카오키즈
4584,뽀로로TV놀이교실
4585,목욕동요
4586,목욕할때 동요
4587,샤워동요
4588,목욕하며노래듣기
4589,목욕하면서 듣기 좋은 노래
4590,아이들동요모음
4591,핑크퐁동요연속
4592,아기상어연속듣기
4593,아기상어목욕동요
4594,아이들목욕
4595,목욕하며듣기좋은
4596,아기 목욕
4597,아기상어듣기
4598,아이목욕
4599,목욕송
4600,샤워송
4601,샴푸송
4602,핑크퐁먹방동요
4603,밥먹을때동요
4604,밥먹을때노래
4605,먹방동요모음
4606,음식동요모음
4607,아이가밥안먹을때
4608,골고루 먹어요 핑크퐁
4609,골고루 동요
4610,골고루먹기
4611,식습관교육
4612,식습관교육동요
4613,8비트상어가족
4614,꼬마요리사
4615,핑크퐁꼬마요리사
4616,핑크퐁요리교실
4617,핑크퐁요리사
4618,핑크퐁먹방
4619,아기먹방
4620,꼬마요리사 동요
4621,애니
4622,애니 무료공개
4623,키즈 애니메이션
4624,탐정
4625,추리대결
4626,아동영화
4627,babyshark official
4628,상어가족채널
4629,아기상어유산슬
4630,아기상어유튜브채널
4631,아기상어트로트
4632,아기상어검색
4633,babyshark youtube
4634,핑크퐁반복듣기
4635,핑크퐁유산슬
4636,핑크퐁 동요 반복
4637,핑크퐁신나는노래
4638,핑크퐁신나는동요
4639,신년맞이동요
4640,새해맞이 동요
4641,신나는노래
4642,신나는노래듣기
4643,happynewyear
4644,happynewyearsong
4645,새해송
4646,새해소원
4647,happy new year 2020
4648,cocomelon song
4649,cocomelon
4650,2020
4651,아동동요
4652,키즈동요
4653,클레이 만들기
4654,클레이 만들기 영상
4655,클레이 놀이
4656,어린이 클레이 놀이
4657,클레이 상어 가족
4658,한글 단어 노래
4659,한글 단어 공부
4660,디즈니
4661,공주종이접기
4662,종이접기동요
4663,디즈니공주
4664,공주동요듣기
4665,인어공주노래
4666,겨울왕국
4667,인기동요모음1시간
4668,핑크퐁인기동요듣기
4669,2019인기동요
4670,유재석유산슬
4671,합정역5번출구
4672,핑크뽕
4673,trot
4674,trotbabyshark
4675,yoosanseul
4676,뽕포유
4677,유재석김태호
4678,mbc놀면뭐하니
4679,babysharkofficial
4680,사랑의재개발
4681,유재석트로트
4682,유재석드럼
4683,유재석핑크퐁
4684,유재석아기상어
4685,유재석상어가족
4686,트로트상어가족
4687,핑크퐁 캐럴
4688,핑크퐁 캐럴듣기
4689,아기상어캐럴동요
4690,상어캐럴
4691,핑크퐁 캐롤듣기
4692,christmas carol
4693,크리스마스체조
4694,육아브이로그
4695,크리스마스놀이
4696,핑크퐁크리스마스스티커북
4697,아기상어가족
4698,헤이지니
4699,클래식
4700,아이 클래식
4701,어린이 클래식
4702,살았다 뚜루루뚜루
4703,상어가족 캐럴
4704,어린이 만화 노래
4705,산타동요
4706,어린이캐롤듣기
4707,캐롤동요듣기
4708,크리스마스아카펠라
4709,아기상어크리스마스캐롤
4710,크리스마스캐롤듣기
4711,캐롤선택하기
4712,나만의동요고르기
4713,핑크퐁캐롤듣기
4714,크리스마스게임
4715,크리스마스핑크퐁
4716,글
4717,핑크퐁퐁튜버
4718,틱톡베스트영상
4719,틱톡베스트영상모음
4720,핑크퐁틱톡
4721,틱톡커
4722,아이들캐럴
4723,아이들캐롤송
4724,캐롤모아듣기
4725,캐롤무한반복
4726,동요캐럴
4727,카피추핑크퐁
4728,어린이크리스마스동요
4729,겨울동요듣기
4730,수
4731,수놀이
4732,수노래
4733,숫자동요
4734,숫자노래
4735,숫자놀이
4736,숫자공부
4737,수세기
4738,123
4739,어린이수학
4740,어린이숫자공부
4741,유아숫자공부
4742,열 꼬마 인디언
4743,열 꼬마 아이들
4744,키즈예능
4745,예능
4746,쇼쇼쇼
4747,핑크퐁쇼쇼쇼
4748,핑크퐁퍼펫쇼
4749,아기상어영상
4750,잠자는 숲 속의 공주
4751,미녀와 야수
4752,디즈니 공주
4753,종이 접기
4754,어린이 종이 접기
4755,종이 접기 영상
4756,색종이 접기
4757,동물 종이 접기
4758,origami
4759,친구와 함께 동요
4760,단짝동요
4761,친구랑 듣기 좋은 노래
4762,집에서 듣는 동요
4763,친구와 듣는 동요
4764,친구와 사이좋게 지내요
4765,친구와 함께
4766,friendssong
4767,우정송
4768,연속동요
4769,겨울메들리
4770,어린이겨울동요
4771,아기상어모음집
4772,겨울동요모음집
4773,겨울동요율동
4774,율동모아듣기
4775,캐롤연속듣기
4776,달려라루돌프
4777,상어가족크리스마스
4778,christmas nursery rhymes
4779,ten little kids
4780,돌잡이교육
4781,언제나사랑해
4782,핑크퐁멜로디자동차
4783,핑크퐁홈스쿨언박싱
4784,교구재언박싱
4785,Baby Shark
4786,상어 가족 채널
4787,곤충 노래
4788,곤충 교육
4789,소방안전동요
4790,소방안전송
4791,소방의날
4792,119
4793,어린이소방관
4794,소방차동요모음
4795,핑크퐁놀이퐁
4796,헤어샵
4797,미용실놀이
4798,헤어샵놀이
4799,미용실장난감
4800,핑크퐁그림놀이
4801,말그리기
4802,음메음메소
4803,어린이그림그리기
4804,그림그리기송
4805,유아 클래식
4806,Babt shark
4807,자동차노래모음
4808,자동차송모음
4809,아이들자동차
4810,자동차애니메이션
4811,고스트
4812,할로윈아이들
4813,할로윈코스튬
4814,할로윈복장
4815,할로윈어린이
4816,유치원할로윈
4817,Baby Shark Clay
4818,할로윈 동요모음
4819,Halloween songs
4820,영어유치원 할로윈
4821,귀신
4822,미라
4823,프랑켄슈타인
4824,마법사
4825,드라큘라
4826,드라큐라
4827,경찰차댄스
4828,할로윈경찰차
4829,경찰차댄스챌린지
4830,할로윈음악
4831,할로윈게임
4832,할로윈특집
4833,할로윈퐁퐁클럽
4834,퐁퐁클럽
4835,핑크퐁라디오
4836,영유아교육
4837,스티커북요리놀이
4838,사이좋게나눠먹어요
4839,클래식 자장가
4840,오르골 자장가
4841,수면음악
4842,화이트 노이즈
4843,백색소음
4844,빗소리
4845,모닥불소리
4846,이마트
4847,디저트송
4848,핑크퐁디저트송
4849,아기상어디저트송
4850,키커송
4851,키크기송
4852,이마트핑크퐁
4853,핑크퐁이마트
4854,10월9일
4855,한글배워요
4856,정글노래
4857,공룡시대
4858,쥬라기월드
4859,쥬라기공원
4860,피코크
4861,베이킹
4862,쿠킹
4863,마카롱
4864,브라우니
4865,ASMR
4866,키크기
4867,성장
4868,트램폴린
4869,핑크퐁 키커송
4870,잠자리동요
4871,수면동요
4872,수면유도
4873,아동발달 클래식
4874,두뇌발달 클래식
4875,두뇌발달 음악
4876,가을노래
4877,허수아비아저씨
4878,강아지 노래
4879,친구랑반반동화
4880,나눠먹어요송
4881,사이좋게나눠요 육아정보
4882,핑크퐁언니 핑크퐁홈스쿨
4883,핑크퐁티비스쿨 아이챌린지
4884,사이좋게나눠요
4885,헬리콥터송
4886,헬리콥터 노래
4887,독감
4888,독강예방송
4889,독감예방
4890,사노피
4891,건강안전체조
4892,어린이 안전 동요
4893,어린이 안전 교육
4894,재난 대비
4895,지진 대비
4896,화재 대비
4897,태풍 대비
4898,어린이 생활안전
4899,생활 안전 동요
4900,생활 안전송
4901,대피 요령
4902,소방 교육
4903,어린이 소방 교육
4904,교구재언박싱 생활습관
4905,언어정서동요
4906,돌잡이교육 아이챌린지
4907,핑크퐁동화 바른말고운말
4908,정서교육
4909,인지발달
4910,핑크퐁 친구
4911,아기 상어 뚜루루뚜루
4912,컬러동요
4913,rainbow
4914,색깔동요모음
4915,색동요
4916,색배우기
4917,색으로배우는
4918,빨주노초파남보
4919,toys for kids
4920,색종이접기
4921,색종이놀이
4922,호기와색깔놀이
4923,색깔공부
4924,색칠공부
4925,색칠공부하기
4926,어린이색깔공부
4927,유아색칠놀이
4928,유아색깔공부
4929,어린이색칠놀이
4930,색칠공부하기영상
4931,무지개색깔놀이
4932,교통안전교육동영상
4933,교통안전교육애니메이션
4934,동요추천
4935,아침에듣는동요
4936,준비할때듣는동요
4937,아침
4938,굿모닝
4939,굿모닝동요
4940,아침에들어요
4941,morning
4942,morningkidssong
4943,goodmorning
4944,아침에인사해요
4945,모닝
4946,저축
4947,핑크퐁우리은행
4948,어린이저축
4949,핑크퐁토이앤스토리
4950,토이앤스토리
4951,멜로디길찾기퍼즐
4952,호기 율동동요
4953,핑크퐁장난감리뷰
4954,장난감리뷰
4955,pinkfongtoy
4956,모래놀이
4957,상어가족낚시놀이
4958,낚시놀이
4959,한글장난감
4960,큐브장난감
4961,장난감가지고놀기
4962,장난감후기
4963,낚시
4964,핑크퐁낚시
4965,낚시장난감
4966,babysharktoy
4967,toyreview
4968,사랑해요동화
4969,사랑해동요
4970,빙수 노래
4971,빙수야 팥빙수야
4972,과일 빙수
4973,과일 빙수 만들기
4974,과일 빙수 노래
4975,핑크퐁 보이는 라디오
4976,핑크퐁 퐁퐁클럽
4977,클레이 상어가족
4978,클레이 아기상어
4979,아이여름동요
4980,바닷속동요
4981,바다동요모음
4982,바다동물모음
4983,유아영어동요
4984,유아영단어
4985,어린이영단어
4986,유아영어교육
4987,어린이영어교육
4988,청결습관교육
4989,상어가족물총놀이
4990,빙수송
4991,빙수야 팥빙수야 노래
4992,여름에듣는동요
4993,무더위극복
4994,여름유아동요
4995,소방안전 동요
4996,화재시 행동요령
4997,화재시 대피요령
4998,어린이 소방안전교육
4999,incheon airport
5000,incheon
5001,핑크퐁인천공항
5002,아기재우기
5003,양치질 노래
5004,어린이 양치송
5005,핑크퐁과 상어가족
5006,교육브랜드
5007,율동 콘서트
5008,율동공연
5009,율동 모음집
5010,베스트 율동
5011,키즈뮤지컬
5012,핑크퐁랜드
5013,황금별을 찾아라
5014,겨울뮤지컬
5015,상어가족 뮤지컬
5016,패밀리쇼
5017,가족 뮤지컬
5018,가족공연
5019,여름방학 공연
5020,영유아
5021,원더스타캐릭터
5022,뮤비
5023,하이라이트
5024,인스타그램
5025,KBS
5026,초콜릿 아이스크림
5027,딸기 아이스크림
5028,아동동화
5029,키즈동화
5030,세계명작
5031,핑크퐁 토이쇼
5032,아이스크림 노래
5033,아이스크림 만들기
5034,호기 율동 동요
5035,핑크퐁 율동 동요
5036,직업
5037,키자니아
5038,정글탐험
5039,댄서
5040,상어가족과 노래해요
5041,핑크퐁 장난감
5042,자전거
5043,어린이 자전거
5044,핑크퐁 스토어
5045,골고루먹어요
5046,편식
5047,호기 율동
5048,고래잠수함
5049,핑크퐁과아기상어의바다대모험
5050,여름뮤지컬
5051,여름방학뮤지컬
5052,핑크퐁3d
5053,싫어말고좋아좋아
5054,좋아요송
5055,핑크퐁 호기 율동동요
5056,여섯 마리 오리
5057,상어가족 모래놀이
5058,모래놀이 장난감
5059,국민체조
5060,신체건강발달
5061,운동발달
5062,몽키송
5063,롯데월드
5064,롯데
5065,롯데월드타워
5066,롯데타워
5067,월드타워
5068,핑크퐁월드페스타
5069,월드페스타
5070,핑크퐁축제
5071,축제
5072,행사
5073,공연
5074,신호등
5075,신호등송
5076,신호등 노래
5077,신호등 동요
5078,길건너기송
5079,횡단보도 노래
5080,핑크퐁 유튜브
5081,핑크퐁 라디오
5082,클래식나라
5083,핑크퐁 클래식나라
5084,아기 클래식
5085,두뇌 발달 클래식
5086,클래식 공연
5087,꿀잠노래
5088,꿀잠인형
5089,잠안올때
5090,잠안올때 듣는 노래
5091,수면등
5092,핑크퐁 수면등
5093,아이 재우기
5094,키즈애니메이션
5095,리액션
5096,반응
5097,옷입기교육
5098,옷입기동요송
5099,옷입기훈련
5100,혼자옷입기
5101,아기옷입히기
5102,식습관
5103,식습관개선교육
5104,밥안먹는아이
5105,식습관동화
5106,tik tok
5107,tik tok song
5108,tik tok dance
5109,베이비샥챌린지
5110,baby shark remix 틱톡
5111,어린이 통장 만들기
5112,어린이 경제교육
5113,어린이 경제동화
5114,저금통
5115,저금하는법
5116,MV
5117,ost
5118,pinkfong wonderstar
5119,pinkfong wonderstar animation
5120,pinkfong animation
5121,pinkfon hogi
5122,원더스타 노래
5123,보이는 라디오
5124,사운드인형
5125,핑크퐁 사운드 인형
5126,치즈송
5127,치즈노래
5128,손씻기 교육
5129,손씻기체조
5130,장난감 영상
5131,큐브큐브 인형
5132,사운드 인형
5133,핑크퐁 인형
5134,공룡 인형
5135,공룡 장난감
5136,티라노사우루스 장난감
5137,핑크퐁 클래식 나라
5138,클래식공연
5139,아이를 위한 클래식
5140,아이들 공연
5141,어린이 공연 추천
5142,여름방학 체험
5143,예술의전당
5144,어린이공연
5145,키즈공연
5146,키즈 뮤지컬
5147,키즈 클래식
5148,아기상어 자우즈
5149,Jauzbabyshark
5150,jauz coachella
5151,아기상어이디엠
5152,아기상어EDM
5153,newbabyshark
5154,jauz
5155,상어가족edm
5156,코첼라 아기상어
5157,코첼라
5158,코첼라 자우즈
5159,코첼라 jauz
5160,coachella jauz
5161,아기상어 색칠놀이
5162,색칠하기
5163,유아 색칠공부
5164,어린이 색칠공부
5165,상어가족 색칠놀이
5166,말레이시아
5167,싱가폴
5168,싱가포르
5169,Singpore
5170,가든스바이더베이
5171,센토사
5172,실로소
5173,머라이언
5174,머라이언파크
5175,Gardensbythebay
5176,Sentosa
5177,Siloso
5178,Merlion
5179,Merlion park
5180,아이들 싱가폴여행
5181,싱가폴여행
5182,애기싱가폴여행
5183,아이와싱가폴여행
5184,아이와싱가폴
5185,인사교육
5186,인사하는습관
5187,인사하기노래
5188,인사송
5189,혼자손씻기습관
5190,청결습관
5191,뚜루뚜루
5192,핑크퐁멜로디하우스
5193,유아완구
5194,유아교구
5195,양치습관
5196,kbs
5197,kbs2
5198,케이비에스
5199,핑크퐁tv앱
5200,목요일
5201,우정의시작
5202,핑크퐁과호기의
5203,우정
5204,pinkfong 3d animation
5205,pinkfong wonder star
5206,wonder star pinkfong
5207,pinkfong animation trailer
5208,pinkfong wonder star animation
5209,pinkfong wonder star teaser
5210,고양이동요
5211,외국어교육
5212,어린이날듣는동요
5213,어린이날모음집
5214,어린이날노래모음
5215,외출할때동요
5216,울음뚝동요
5217,밥먹을때듣는동요
5218,핑크퐁어린이날
5219,난 할 수 있어
5220,난할수있어
5221,넌할수있어
5222,I can do it
5223,you can do it
5224,자존감 노래
5225,자존감
5226,자존감 동요
5227,세차
5228,세차 게임
5229,뽀로로tv앱
5230,신나는아기동요
5231,아이들이좋아하는노래
5232,언어정서발달
5233,아기체조
5234,유아교육앱
5235,퐁배송
5236,아이가좋아하는
5237,아이가행복한
5238,아이가즐거운
5239,이달의육아플랜
5240,아이주도학습
5241,에펠탑
5242,동방명주
5243,피사의사탑
5244,빅벤
5245,자유의여신상
5246,전세계타워
5247,쑥쑥체조
5248,쑥쑥 키크기
5249,쑥쑥키크기체조
5250,굿모닝 아침체조
5251,아침체조
5252,스트레스 격파체조
5253,스트레스체조
5254,흔들체조
5255,유아클래식
5256,핑크퐁클래식
5257,응가습관
5258,응가훈련
5259,치카습관
5260,치카양치훈련
5261,양치질교육
5262,핑크퐁 랭킹쇼
5263,핑크퐁 퍼펫쇼
5264,퍼펫
5265,인형놀이
5266,불꽃축제
5267,불꽃놀이
5268,핑크퐁 월드페스타
5269,남극
5270,색종이
5271,무료앱
5272,구글플레이
5273,미니게임
5274,무료게임
5275,어린이용
5276,학습
5277,아동 교육
5278,어린이 영상
5279,ABC파닉스
5280,파닉스동요
5281,알파벳동요
5282,앏파벳송
5283,슈퍼파닉스
5284,슈퍼 파닉스
5285,phonics
5286,Super Phonics
5287,유아놀이
5288,유아 전화놀이
5289,유아 앱
5290,놀이 앱
5291,아이튠즈
5292,앱스토어
5293,공주색칠놀이
5294,무료색칠놀이
5295,무료공주색칠놀이
5296,공주앱
5297,얼음공주
5298,마더구즈
5299,영어놀이
5300,따라쓰기
5301,공부
5302,낱말
5303,단어
5304,한글이 야호
5305,유아 학습
5306,한글 학습
5307,자동차 동요 마을
5308,자동차 앱
5309,자동차 게임
5310,플레이 스토어
5311,무료 앱
5312,게임 앱
5313,유아 교육
5314,교육 어플
5315,Trailer (Website Category)
5316,구구단동요
5317,아동 클래식
5318,클래식 동요
5319,클래식 음악
5320,손가락 동요
5321,클레이 동요
5322,핑크퐁 클레이
5323,기린송
5324,코끼리송
5325,코알라송
5326,치타송
5327,Baby Shark Dance
5328,아기상어댄스
5329,tik tok baby shark
5330,천안시
5331,천안
5332,아라리오광장
5333,아라리오
5334,충청남도
5335,충남
5336,랜드마크
5337,어린이 전시회
5338,문화센터
5339,핑크퐁 빌딩
5340,천안 시청
5341,조형물
5342,메이킹
5343,현장
5344,메이킹 영상
5345,BFznV5TbEBI
5346,코끼리 노래
5347,상어가족 스토리
5348,#핑크퐁홈스쿨 #핑크퐁멜로디하우스 #장난감놀이 #홈스쿨 #생활습관 #생활습관동요 #핑크퐁 #유아교육 #돌잡이교육 #아이챌린지 #핑크퐁동요 #핑크퐁동화 #상어가족 #아기상어
5349,버스노래
5350,발렌타인
5351,발렌타인데이 노래
5352,발렌타인데이 선물
5353,발렌타인데이 초콜릿
5354,발렌타인데이 고백
5355,사랑해 노래
5356,상어가족과노래해요
5357,경찰차노래
5358,핑크퐁스토어
5359,나비야 노래
5360,나비야나비야
5361,나비야나비야율동
5362,경찰게임
5363,도둑과경찰
5364,손가락인형
5365,손가락인형극
5366,쿠알라룸푸르
5367,보물 찾기
5368,야외 수영장
5369,쌍둥이 빌딩
5370,페트로나스 타워
5371,KL타워
5372,KLCC
5373,아이크림송
5374,thewheelsonthebus
5375,런던버스
5376,고래동요
5377,고래송
5378,대왕고래
5379,핑크퐁 과일송
5380,과일노래
5381,과일동요
5382,손가락동요
5383,손가락동요 영어
5384,투어버스
5385,컬러 동요
5386,하늘의 왕자 독수리
5387,핑크퐁 핑거패밀리
5388,손가락 인형
5389,손가락 인형극
5390,펭귄 노래
5391,파인애플
5392,파인애플송
5393,파인애플 노래
5394,과일 노래
5395,사과송
5396,핑크퐁 뉴스
5397,스마스스터디
5398,스마트폰 장난감
5399,팝업 스마트폰
5400,제주항공
5401,비행기
5402,체육
5403,기내식
5404,jeju air
5405,핑크퐁 꼬마요리사
5406,머핀 만들기
5407,요리하기
5408,머핀 만드는 방법
5409,핑크퐁 요리
5410,산타클로스
5411,실버벨
5412,무료 캐럴
5413,메리 크리스마스
5414,어린이 캐럴
5415,장난감언박싱
5416,퍼즐
5417,퍼즐놀이
5418,유아퍼즐
5419,토이언박싱
5420,코로나반응
5421,댄스파티
5422,인체 동요
5423,바디송
5424,과학 공부
5425,어린이 과학
5426,학습 동요
5427,어린이 학습 동요
5428,핑크퐁 겨울뮤지컬
5429,겨울방학
5430,핑크퐁과상어가족의겨울나라
5431,겨울나라
5432,그리기송
5433,핑크퐁 그리기
5434,자동차 장난감 리뷰
5435,멜로디자동차
5436,핑크퐁 멜로디 자동차
5437,유튜브 다이아몬드 버튼
5438,다이아몬드
5439,유튜브 시상식
5440,유튜브 골드버튼
5441,유튜브 실버버튼
5442,유튜브 버튼
5443,유튜브 다이아몬드
5444,youtube diamond button
5445,youtube diamond
5446,youtube silver button
5447,youtube gold button
5448,캐럴송
5449,캐럴율동
5450,메리트위스트마스
5451,인기캐럴
5452,캐럴 메들리
5453,북치는소년
5454,고요한밤거룩한밤
5455,노엘
5456,꽃게그리기
5457,꽃게송
5458,핑크퐁 그림그리기
5459,귤송
5460,귤 노래
5461,귤 동요
5462,백화점 공연
5463,쇼핑몰 공연
5464,전시회
5465,핑크퐁 전시회
5466,블리자드
5467,와우
5468,월드오브워크래프트
5469,무법항거래소
5470,머키
5471,아기멀록
5472,blizzard
5473,wow
5474,world of warcraft
5475,mulroc
5476,영어율동
5477,teddy
5478,teddybear
5479,if you're happy
5480,if you're happy and you know it
5481,twinkle
5482,twinkle twinkle
5483,little star
5484,문어 그리기
5485,문어노래
5486,바다송
5487,해적탐험
5488,그림 놀이
5489,핑크퐁 그림 놀이
5490,고래 그리기
5491,고래 동요
5492,워드파워
5493,워드플레이
5494,Best Hunter
5495,T-Rex
5496,상어 그리기
5497,아기상어 그리기
5498,바다탐험
5499,바다여행
5500,세모의 바다여행
5501,과일고백송
5502,딸기
5503,딸기 노래
5504,핑크퐁 모음집
5505,Ghost Baby Shark
5506,호기댄스업
5507,국악
5508,쾌지나칭칭나네
5509,쾌지나칭칭
5510,사물놀이
5511,사물놀이 상어가족
5512,층간소음
5513,층간소음 줄이는 방법
5514,KCC
5515,KCC 바닥재
5516,pinkfong classical music halloween
5517,인기율동
5518,우리모두다같이
5519,머리어깨
5520,머리어깨무릎발
5521,돼지
5522,동물율동
5523,과일 동요
5524,치카치카체조
5525,손씻기 체조
5526,뽀드득
5527,뽀드득 씻기체조
5528,변기
5529,생습율동
5530,부릉
5531,포클레인
5532,달려라 소방차
5533,경찰차 송
5534,자동차율동
5535,국립국악원
5536,추석노래
5537,별자리 동화
5538,별자리 이야기
5539,별자리 모양
5540,별자리 운세
5541,별자리 성격
5542,별자리 생일
5543,과학 동화
5544,바나나송
5545,바나나
5546,바나나 동요
5547,바나나 노래
5548,뱀
5549,악어 떼
5550,동물의 왕
5551,동물 율동
5552,서울랜드
5553,에버랜드
5554,캐릭터운동회
5555,터닝메카드
5556,토리
5557,코리
5558,캐리
5559,포도송
5560,포도 노래
5561,양치질
5562,양치하는방법
5563,핑크퐁 한글버스
5564,한글버스
5565,장난감 리뷰
5566,안녕송
5567,핑크퐁과 상어가족의 겨울나라
5568,뮤지컬 동요
5569,키크는법
5570,키크는운동
5571,키크는체조
5572,키크는요가
5573,아쿠아플라넷
5574,한화아쿠아플라넷
5575,아쿠아플래닛
5576,물범
5577,먹이주기
5578,수박노래
5579,수박 동요
5580,수박수박수
5581,국악율동
5582,비만예방 정글체조
5583,뒤뚱뒤뚱 펭귄댄스
5584,볼풀
5585,PIM
5586,PIM키즈카페
5587,아기생활습관
5588,바른생활습관
5589,유아 식사 교육
5590,식사 예절
5591,어린이 생활 교육
5592,편식 고치는 법
5593,편식 예방
5594,핑크퐁손씻기송
5595,우한폐렴
5596,어린이독감예방
5597,손씻기 6단계
5598,어린이 생활습관 동요
5599,양치질 교육
5600,유아 양치질
5601,배꼽인사
5602,인사습관
5603,습관
5604,인사 교육
5605,아이 인사
5606,아이 인사 교육
5607,배꼽인사송
5608,예절 교육
5609,샴푸 동요
5610,목욕놀이
5611,양치 노래
5612,유아교육전
5613,유교전
5614,코엑스유교전
5615,서울국제유아교육전
5616,키즈페어
5617,핑크퐁빔
5618,이벤트
5619,국악노래
5620,반짝반짝작은별
5621,티라노사우루스송
5622,인기공룡동요
5623,아이스크림 체조
5624,핑크퐁 국악동요
5625,The Wheels on the bus
5626,메이킹영상
5627,메이킹필름
5628,8개 행성
5629,은하계 행성
5630,행성 노래
5631,태양계 노래
5632,핑크퐁 마이크
5633,노래방 마이크
5634,핑크퐁 국악
5635,국악 체조
5636,체조노래
5637,어린이 국악
5638,핑크퐁 상어 가족
5639,멀록
5640,아기 멀록
5641,월드 오브 워크래프트
5642,Murloc
5643,BLIZZARD
5644,World of Warcraft
5645,WoW
5646,핑크퐁 상어송
5647,핑크퐁 상어가족 노래
5648,핑크퐁 상어가족 체조
5649,장난감 이벤트
5650,핑크퐁 장난감 이벤트
5651,핑크퐁 라이브 이벤트
5652,기브어웨이
5653,선물 이벤트
5654,국악 노래
5655,핑크퐁 국악 동요
5656,태권 체조
5657,태권도
5658,상어리믹스
5659,핑크퐁 이벤트
5660,장난감이벤트
5661,상어가족 노래해요
5662,생일축하곡
5663,생일 축하 동요
5664,생일 축하 동영상
5665,코코몽
5666,뽀로로 친구들
5667,타요 친구들
5668,도티와 잠뜰
5669,도티
5670,유라야 놀자
5671,유라언니
5672,유튜브 펜페스트
5673,2018 유튜브 펜페스트
5674,유튜브 펜페스트 레드 카펫
5675,키즈 페스티벌
5676,인형극
5677,핑크퐁 인형극
5678,퍼펫 노래
5679,퍼펫쇼
5680,핑크퐁 퍼펫
5681,상어 가족과 노래해요
5682,나나 바나나
5683,핑크퐁국악동요
5684,핑크퐁 아기 상어
5685,국립국악원 동요
5686,민속놀이
5687,한국 동요
5688,핑크퐁 아리랑
5689,올림픽송
5690,평창 올림픽
5691,대한민국 응원가
5692,대한민국 응원송
5693,대한민국
5694,샤키 포키
5695,상어 인형
5696,상어가족 인형
5697,겨울방학 공연
5698,핑크퐁 호기 댄스업
5699,핑크퐁과 노래해요
5700,악어떼
5701,레고 상어
5702,레고 만들기
5703,레고 놀이
5704,레고 상어 만들기
5705,레고 상어 가족
5706,레고 아기 상어
5707,레고 신동
5708,레고 만들기 영상
5709,핑크퐁과상어가족
5710,팝업스토어
5711,튼튼선생님
5712,율동콘서트
5713,monkey
5714,아기상어율동동요
5715,이솝이야기
5716,이솝
5717,이솝우화
5718,교훈
5719,동물이야기
5720,동물애니메이션
5721,오르골
5722,오르골 소리
5723,대세동요
5724,마약동요
5725,10억뷰
5726,뚜루루 뚜루
5727,아기 상어송
5728,한글날송
5729,한글날 동요
5730,세종대왕송
5731,세종대왕 송
5732,아빠 상어
5733,엄마 상어
5734,강강술래
5735,널뛰기
5736,제기차기
5737,전통놀이
5738,어린이 전래놀이
5739,추석 맞이 동요
5740,추석 어린이 노래
5741,추석 어린이 동요
5742,달 송
5743,달 달 무슨 달
5744,보름달송
5745,쟁반같이 둥근 달
5746,하남 스타필드
5747,스타필드
5748,큐브큐브 사운드 인형
5749,한국전래동화
5750,유아전래동화
5751,상어가족 콜라보
5752,상어가족 커버송
5753,자이언트핑크
5754,보이비
5755,쇼미더머니
5756,언프리티 랩스타
5757,Show Me The Money 6
5758,Show Me The Money 5
5759,Show Me The Money
5760,언프리티 랩스타3
5761,힙합
5762,힙합 동요
5763,상어가족 힙합 버전
5764,상어 가족 랩
5765,찰흙 놀이
5766,이거 실화냐
5767,윤종신
5768,팥빙수
5769,윤종신 콜라보
5770,윤종신 커버송
5771,동요 리메이크
5772,후크송
5773,시계송
5774,타임송
5775,시계 읽기
5776,시간 읽기
5777,시곗바늘
5778,시계바늘
5779,시계 교육
5780,긴 바늘
5781,짧은 바늘
5782,시곗바늘 읽기
5783,시곗바늘 보는법
5784,시곗바늘 읽는 법
5785,제이래빗
5786,커버송
5787,커버 댄스
5788,캐릭터 페어
5789,캐릭터 라이선싱 페어 2017
5790,코엑스 박람회
5791,율동 이벤트
5792,바캉스
5793,여름 휴가
5794,차에서 들려주는 동요
5795,도서관
5796,코엑스
5797,별마당도서관
5798,동화구연
5799,체험전
5800,유아시리즈
5801,돼지꼬리
5802,핑크퐁 율동체조교실
5803,유아체육
5804,키즈클래스
5805,아동 시리즈물
5806,여름학기
5807,유아수업
5808,백화점
5809,멀티미디어교육
5810,핑크퐁경찰차송
5811,마포구보안관
5812,마포구보안관송
5813,무도보안관
5814,무도보안관송
5815,하하보안관
5816,하하보안관송
5817,무도경찰차
5818,무도경찰차송
5819,야구장
5820,핑크퐁 야구장
5821,시구 체험
5822,핑크퐁 유아시리즈
5823,핑크퐁 튼튼샘
5824,치어리딩
5825,응원
5826,어린이행사
5827,핑크퐁 어린이행사
5828,핑크퐁 치어리딩
5829,핑크퐁 튼튼샘과 야구장
5830,핑크퐁 어린이날 이벤트
5831,야구장에 간 핑크퐁
5832,핑크퐁 시구체험
5833,핑크퐁과 튼튼샘
5834,동그라미 노래
5835,세모 노래
5836,네모 노래
5837,동그라미 네모 세모
5838,수학교육
5839,fc서울
5840,상어가족댄스
5841,어린이 생활 습관
5842,말놀이 동시
5843,어린이 동시
5844,대한민국만세
5845,삼둥이
5846,삼둥이동화
5847,삼둥이동요
5848,삼둥이노래
5849,핑크퐁 율동 동요 교실
5850,문화센터 수업
5851,핑크퐁 문화센터
5852,문화센터 키즈
5853,문화센터 어린이
5854,핑크퐁 율동 체조 교실
5855,그림자
5856,그림자 놀이
5857,어린이 그림자 노리
5858,핑크퐁 빔
5859,핑크퐁 빔 그림자놀이
5860,아기울때
5861,영어 동화
5862,어린이 영어 동화
5863,발렌타인데이 동요
5864,사랑해 동요
5865,설 특집 동요
5866,국악 상어
5867,생일파티
5868,잠자리 동요
5869,잠자리 동화
5870,동화 애니메이션
5871,학습동화
5872,창작동화
5873,수면 교육
5874,아이 수면
5875,아이 숙면
5876,자장동화
5877,수면 동화
5878,모닥불 소리
5879,안녕핑크퐁
5880,bookmark
5881,북마크
5882,책갈피
5883,인형
5884,Toy shop at night
5885,장난감가게
5886,장난감 가게
5887,셔플
5888,클럽
5889,괴물
5890,결혼
5891,Vampire
5892,Wedding
5893,할로
5894,코스튬
5895,의상
5896,할로윈의상
5897,파티
5898,오싹
5899,Creepy
5900,zombies
5901,우리엄마
5902,맞나요
5903,우리 엄마 맞나요
5904,허수아비
5905,세 허수아비
5906,three scarecrows
5907,3d
5908,개미심부름
5909,개미
5910,심부름
5911,ants
5912,인기율동동요
5913,핑크퐁! 인기동요
5914,한 시간
5915,60분
5916,70분
5917,80분
5918,1시간
5919,핑크퐁 모음
5920,상어노래
5921,시장보기
5922,시장
5923,market
5924,to market
5925,mothergoose
5926,잠자리
5927,잠
5928,무얼 타고 갈까요
5929,무얼
5930,타고
5931,갈까요
5932,자장
5933,자장노래
5934,asmr
5935,그림자극장
5936,거미
5937,거미노래
5938,스파이더
5939,롤리롤리
5940,말놀이동시
5941,태풍
5942,날씨
5943,동시
5944,못말리는
5945,달리기
5946,대회
5947,인기
5948,공룡 영상
5949,모양 그리기
5950,핑크퐁! 모양 그리기
5951,별모양
5952,긴네모
5953,긴동그라미
5954,새들의 결혼식
5955,새
5956,새들
5957,인기 율동 동요
5958,영어명작동화
5959,영어학습
5960,어린 영어교육
5961,유아 영어학습
5962,동물원
5963,동요 애니메이션
5964,자연 관찰
5965,자연 과학
5966,과학
5967,어린이 자연 관찰
5968,자연 관찰 동요
5969,곤충송
5970,벌레 친구
5971,어린이 자연 과학
5972,유아 과학
5973,유아 과학 학습
5974,자연과학학습
5975,자연관찰학습
5976,어린이집 영어
5977,핑크퐁 체조송
5978,신체발달
5979,키 크기 체조
5980,소아 다이어트
5981,어린이 다이어트
5982,스트레스 해소
5983,마이아사우라
5984,Baby shark
5985,유치원 동화
5986,어린이집 동화
5987,창의력 학습
5988,상상력 학습
5989,모양학습
5990,어린이 기초 수학
5991,네모 그리기
5992,네모송
5993,사각형
5994,다이어트체조
5995,헤어 드라이기 소리
5996,바리오닉스
5997,브람스 자장가
5998,모차르트 자장가
5999,슈베르트 자장가
6000,영어 자장가
6001,창작동요
6002,공룡의 왕
6003,티라노사우루스 동요
6004,3D 애니메이션
6005,아파토사우루스
6006,안킬로사우루스
6007,에드몬토니아
6008,힙실로포돈
6009,프시타코사우루스
6010,세차송
6011,pinkfong taekwondo
6012,어린이 어플
6013,유아용 어플
6014,어린이 놀이 앱
6015,유아 놀이 앱
6016,유아 교육 앱
6017,창의력 교육
6018,어린이 창의력
6019,아기 돼지 삼 형제 영어
6020,숨바꼭질송
6021,nursery rhymes songs
6022,세모 그리기
6023,세모송
6024,바다 생물
6025,삼각형
6026,자동차 색칠놀이
6027,백설공주 영어
6028,유아 화장실 교육
6029,유아 화장실 훈련
6030,유아 화장실 안전교육
6031,아기 배변교육
6032,아기배변
6033,아기 용변
6034,기저귀떼기
6035,공룡탈
6036,공룡 가면
6037,상어체조
6038,아기상어1시간
6039,이솝동화
6040,동그라미 그리기
6041,동그라미송
6042,동물 그리기
6043,홈스쿨링 영어
6044,마더구스 동화
6045,Old MacDonald Had a Farm
6046,The Eentsy Weentsy Spider
6047,Five Little Monkeys
6048,Hickory Dickory Dock
6049,The Wheels on the Bus
6050,This Little Piggy
6051,Hey
6052,Diddle Diddle
6053,Humpty Dumpty
6054,Twinkle Twinkle Little Star
6055,험프티 덤프티
6056,소중한 유산
6057,레이싱카
6058,경주용차 노래
6059,3D 동요
6060,3D 율동 동요
6061,Itsy Bitsy Spider
6062,Eentsy Weentsy Spider
6063,Mother Goose
6064,baby shark 1.5
6065,구구단
6066,구구단노래
6067,뛰어세기
6068,뛰어세기동요
6069,유치원수학
6070,초등학교수학
6071,변비체조
6072,트럭동요
6073,헬기동요
6074,아이공놀이
6075,공놀이애니메이션
6076,3D애니메이션
6077,피아노 종이 접기
6078,아빠육아
6079,아빠랑
6080,차에서듣는동요
6081,동요율동
6082,율동동영상
6083,자동차이야기
6084,자동차책
6085,뛰뛰빵빵
6086,만우절특집
6087,만우절장난
6088,EDM동요
6089,EDM
6090,캠핑동요
6091,나들이노래
6092,파키케팔로사우루스
6093,얼음 공주
6094,알파벳따라쓰기
6095,알파벳대문자
6096,ABC따라쓰
6097,baby shark korean version lyrics
6098,baby shark korean version
6099,baby shark family
6100,서울국제 어린이 - 유아용품전
6101,드림큐브
6102,핑크퐁 북스토어
6103,유아학습
6104,핑크퐁사운드북
6105,핑크퐁놀이박스
6106,놀이박스
6107,북스토어
6108,유아용품
6109,체조영상
6110,유아오디션
6111,아동오디션
6112,체조오디션
6113,오디션현장
6114,핑크퐁스타
6115,음식
6116,체리
6117,토마토
6118,사과
6119,키위
6120,멜론
6121,레몬
6122,포도
6123,자두
6124,블루베리
6125,빨간불
6126,노란불
6127,파란불
6128,녹색불
6129,애플워치
6130,음식이름
6131,공룡세상
6132,구둣방할아버지
6133,꼬마요정
6134,요정이야기
6135,요정동화
6136,아침인사
6137,아기돼지
6138,공룡이름
6139,공룡종류
6140,천러 공룡abc
6141,헨드리
6142,윈윈
6143,런쥔 노래
6144,교차편집
6145,nct 댓글모음
6146,nct 교차편집
6147,7드림
6148,make a wish
6149,hot sauce teaser
6150,엔시티 드림 티저
6151,엔시티 드림 공룡
6152,공룡abc nct
6153,공룡 abc 노래
6154,요술콩
6155,이치비치스파이더
6156,히커리디커리덕
6157,행복한왕자
6158,왕자이야기
6159,왕자동화
6160,청소차동요
6161,택배차동요
6162,견인차
6163,견인차동요
6164,포클레인동요
6165,포크레인동요
6166,포크레인송
6167,포클레인송
6168,포클레인노래
6169,포크레인노래
6170,백조왕자
6171,공주이야기
6172,백조와공주
6173,덤프트럭
6174,크레인
6175,로드롤러
6176,엄지공주
6177,공주와완두콩
6178,공주와개구리
6179,개구리왕자
6180,요술공주
6181,말괄량이공주
6182,수리링공주
6183,피노키오
6184,알리바바
6185,늑대와일곱마리아기염소
6186,늑대와일곱마리어린양
6187,피리부는사나이
6188,미니소방차
6189,핑크퐁 경찰차송
6190,핑크공주
6191,아르젠티노사우루스
6192,갈리미무스
6193,성냥팔이소녀
6194,성냥팔이
6195,이구아노돈
6196,오르니토미무스
6197,헨젤과그레텔
6198,파닉스송
6199,abc파닉스
6200,abc동요
6201,알리바바와40인의도둑
6202,알리바바와40인의도적
6203,공룡 월드
6204,공룡월드
6205,구글
6206,애플
6207,학습 앱
6208,무료 게임
6209,교육 게임
6210,구글 플레이
6211,동화나라
6212,무료동화
6213,처음명작동화
6214,유튜브동화
6215,알라딘의 램프
6216,알라딘의 요술램프
6217,요술 램프
6218,알라딘의 요술 램프
6219,램프의 요정
6220,지니
6221,구연동화
6222,호키 포키
6223,안드로이드 로봇
6224,안드로이드
6225,플레이스토어
6226,브레멘의 음악대
6227,한글학습
6228,한글기초
6229,유튜브동요
6230,동요나라
6231,꼭꼭 약속해
6232,동효나라
6233,약속
6234,산수
6235,굴 속의 작은 곰
6236,벌거벗은 임금님
6237,자동차 동요마을
6238,동요마을
6239,유야 앱
6240,장화신은 고양이
6241,장화 신은 고양이
6242,성우
6243,녹음
6244,동요 녹음
6245,성우 녹음
6246,Fairy Tale (TV Genre)
6247,우주선
6248,미니 소방차
6249,꼬마자동차
6250,꼬마
6251,Christmas (Holiday)
6252,칼립소 캐럴
6253,무료 동요
6254,동요세상
6255,Christmas Carol (Composition Type)
6256,Jingle Bells (Composition)
6257,We wish you a Merry Christmas
6258,메리크리스마스
6259,소나무야
6260,Children's Song
6261,우리 모두 다같이
6262,빙빙돌아라
6263,핑크퐁전래동화
6264,은혜 갚은 호랑이
6265,Kongji And Patzzi (Adapted Work)
6266,콩쥐
6267,팥쥐
6268,전래
6269,아기 돼지 삼 형제
6270,아기 돼지
6271,곶감
6272,호랑이와 곶감
6273,거위
6274,황금 알
6275,황금알
6276,우화
6277,나귀
6278,소금 짐을 지고 가는 나귀
6279,당나귀
6280,해와 바람
6281,해
6282,바람
6283,개
6284,욕심 많은 개
6285,믹서
6286,황소
6287,황새
6288,여우
6289,토끼와 거북이
6290,하마와 기린
6291,멸치
6292,멸치의 꿈
6293,꿈풀이
6294,꿈해몽
6295,도깨비 방망이
6296,은혜갚은 생쥐
6297,곰과 두 친구
6298,도깨비 나라
6299,방망이
6300,SMARTSTUDY
6301,구인광고
6302,구인
6303,직원모집
6304,모집
6305,콘텐츠 기획
6306,콘텐츠
6307,기획자
6308,기획자 모집
6309,어린이 콘텐츠
6310,유아동 콘텐츠
6311,스마트스터디 구인
6312,생일 축하합니다
6313,Ant (Animal)
6314,개미와 베짱이
6315,The Honest Woodman
6316,금도끼 은도끼
6317,혹부리
6318,혹부리 할아버지
6319,팥죽 할머니와 호랑이
6320,팥죽
6321,작은 주전자에요
6322,Hokey Cokey (Composition)
6323,영어파닉스
6324,파닉스영어
6325,안드로이드어플
6326,아이폰 어플
6327,무료어플
6328,토끼와 자라
6329,안드로이드 어플
6330,주먹 쥐고
6331,아이폰어플
6332,유튜브동영상
6333,양치기소년
6334,양치기
6335,양치기 소년
6336,작은 별
6337,반짝반짝
6338,빨간 부채 파란 부채
6339,머리 어깨 무릎 발
6340,Music (TV Genre)
6341,곰 세 마리
6342,Bear (Animal)
6343,방귀 시합
6344,시골쥐와 서울쥐
6345,호키포키
6346,빔프로젝터
6347,유아동 빔프로젝터
6348,어린이 빔프로젝터
6349,마법천자문
6350,천자문
6351,마법
6352,야꿍이
6353,야꿍이 알파벳 댄스
6354,야꿍이 알파벳
6355,슈퍼맨이 돌아왔다
6356,김정태
6357,baby songs
6358,children songs
6359,kid songs
6360,kids animation
6361,kids entertainment
6362,kids videos
6363,korean kids songs
6364,toddler
6365,물고기 동요
6366,물고기송
6367,베베핀
6368,아기 상어 잠수함
6369,아이 교육
6370,유아 영화
6371,유아교육 영화
6372,제이제이
6373,한국어
6374,songs for kids
6375,교육비디오
6376,교육영상
6377,노란상어
6378,뚜뚜루루
6379,뚜루루루
6380,아이돌보기
6381,어린이비디오
6382,어린이영상
6383,재밌는노래
6384,재밌는동요
6385,핑크퐁상어
6386,Hideandseek
6387,댄스동요
6388,상어가족뚜루루뚜루
6389,요리
6390,육퇴
6391,baby shark sing along
6392,trick or treat
6393,children
6394,컬러 미끄럼틀
6395,슬라이드
6396,색깔 미끄럼틀
6397,아기상어 히어로
6398,상어가족 병원놀이
6399,kids videos for kids
6400,education
6401,songs
6402,videos
6403,질문
6404,궁금해
6405,밥먹을때
6406,차에서
6407,숫자학습
6408,유아 숫자공부
6409,동요 플레이리스트
6410,큐브상어
6411,방학
6412,계곡
6413,더위
6414,아야야
6415,큐브놀이
6416,유아정서발달
6417,어린이정서발달
6418,정서음악
6419,기분
6420,어린이날 모음집
6421,선물
6422,유아 정서 발달
6423,치과
6424,어린이 병원
6425,아기상어 애니메이션
6426,진짜 친구
6427,베스트프렌드
6428,산책
6429,사이렌
6430,상어가족 찾기
6431,아기상어 유치원
6432,사이렌스톤의 비밀
6433,사이렌스톤의비밀
6434,육퇴 동요
6435,감정
6436,정서
6437,유아정서
6438,hide and seek
6439,어린이 유치원
6440,감정발달
6441,정서표현
6442,오은영의 금쪽상담소
6443,금쪽이
6444,화
6445,미니카
6446,감정놀이
6447,아기상어 올리 영화
6448,부릉이
6449,스타리아나
6450,감정교육
6451,why
6452,babysharkdande
6453,상어가족인기동요
6454,광고없는 노래모음
6455,babysharksong
6456,유아동요동화
6457,궁금증
6458,신체송
6459,코딱지송
6460,충치
6461,동요동화
6462,까꿍놀이
6463,아기상어치과놀이
6464,차
6465,애니메이션영화
6466,양치동요
6467,videos for kids
6468,유치원놀이
6469,학교
6470,아파
6471,불이야
6472,화재
6473,생신
6474,생신축하노래
6475,아이
6476,이빨
6477,노래방
6478,노래방동요
6479,엄마
6480,가족상어
6481,bussong
6482,carsong
6483,baby shark song
6484,피크닉
6485,피크닉동요
6486,봄동요모음
6487,어린이연주회
6488,컬러공부
6489,큐브
6490,동생
6491,유치원등원
6492,등원
6493,몰아보기
6494,에스컬레이터
6495,만지작
6496,아기상어병원
6497,설날기념
6498,설날아기상어
6499,설날상어가족
6500,인기모음
6501,징글벨락
6502,길게보기
6503,동화책
6504,치료
6505,동물병원
6506,울면 안 돼
6507,월드컵송
6508,월드컵응원
6509,월드컵2022
6510,썰매를타고
6511,상어가족병원놀이
6512,병원놀이아기상어
6513,아기상어의사
6514,worldcup
6515,슈퍼히어로
6516,내꿈은
6517,월드컵동요
6518,world cup song
6519,어린이병원
6520,까꿍놀이 동요
6521,까꿍아기상어
6522,hideandseek
6523,숨바꼭질상어
6524,학교동요
6525,상어가족 뚜루루뚜루
6526,monstro
6527,인기할로윈
6528,인기놀이
6529,숨바꼭질동요
6530,할로윈뚜루루뚜루
6531,colors
6532,할러윈
6533,인기 자동차
6534,아기상어학교
6535,학교친구
6536,초등학생
6537,입학
6538,핑크퐁아기상어할로윈
6539,노노카아기상어
6540,노노카동요
6541,아기상어노노카
6542,핑크퐁노노카
6543,노노카핑크퐁
6544,halloweensongs
6545,monster
6546,올리를 구해줘
6547,트렌드
6548,아기상어틱톡
6549,ののか
6550,노노카노래
6551,올리가갇혔어요
6552,감정말하기
6553,감정배우기
6554,도둑상어가족
6555,아기인기동요
6556,어린이집적응
6557,학교적응
6558,학교동요모음
6559,귀성길
6560,추석인기동요
6561,아기상어동화
6562,shark family
6563,정주행
6564,전편무료
6565,전지적참견시점
6566,정주행
6567,상어올리와윌리엄
6568,슈퍼콤비
6569,환상의케미
6570,웃음콤보
6571,2ne1
6572,K-POP
6573,샤키엘
6574,eryrhyme
6575,어린이날100회특집
6576,특집동요
6577,버블퐁
6578,아기상어게임
6579,아기상어오마이걸
6580,아기상어키즈월드
6581,아기상어앱
6582,박재범
6583,아이유
6584,가나다라마바사
6585,NIMIXX
6586,엔믹스
6587,유다연
6588,아기상어춤
6589,dreamscometrue
6590,ses
6591,dreamscometruechallenge
6592,슈퍼참치
6593,jin
6594,supertuna
6595,supertunachallenge
6596,할로윈비디오
6597,어링니할로윈
6598,아올윌
6599,아기상어ebs
6600,아기상어만화
6601,틀린그림찾기
6602,재밌는영상
6603,상어찾기
6604,여행갈때
6605,어린이여행
6606,아이와드라이브
6607,아기상어 만화
6608,상어가족 만화
6609,상어가족 애니메이션
6610,닉아기상어
6611,닉켈로디언
6612,아기상어닉
6613,아기상어닉켈로디언
6614,홈트
6615,홈트레이닝
6616,핑크퐁플러스
6617,핑크퐁앱
6618,핑크퐁구독
6619,상어가족앱
6620,상어가족구독
6621,핑크퐁통합
6622,아빠상어
6623,아빠엄마
6624,엄마상어
6625,올리뚜루루뚜루
6626,아기상어 올리 뚜루루뚜루
6627,상어가족인기동요모음집
6628,어린이세계공부
6629,아기상어세계여행
6630,아기상어여행
6631,랜선여행
6632,나라배우기
6633,어린이만우절
6634,아기상어만우절
6635,만우절동요
6636,건강관리가전
6637,스타일러
6638,정수기
6639,전기레인지
6640,공기청정기
6641,건강
6642,집들이
6643,방구
6644,방구송
6645,방귀
6646,방귀소리
6647,방구소리
6648,아기상어 퍼즐 맞추기
6649,아기상어 퍼즐
6650,퍼즐 게임
6651,상어 퍼즐
6652,신년동요
6653,아기상어 새해
6654,올리 새해
6655,핑크퐁 새해 노래
6656,아기상어 캐롤
6657,아기상어 뚜루루두루
6658,올리 뚜루루뚜루
6659,크리스마스 핑크퐁
6660,상어가족 캐롤
6661,올리캐롤
6662,올리만화
6663,상어가족만화
6664,핑크퐁만화
6665,바다만화
6666,물고기만화
6667,성탄절 노래
6668,신기한바다
6669,신비한바다
6670,동요만화
6671,뮤지컬만화
6672,클레이노래
6673,점토아기상어
6674,점토상어가족
6675,클레이상어가족
6676,유령아기상어
6677,신나는할로윈
6678,아이할로윈
6679,아이노래
6680,놀이영상
6681,핑크퐁멜로디
6682,코코
6683,영화코코
6684,죽은자의날
6685,어린이체조노래
6686,키즈홈트레이닝
6687,어린이스트레칭
6688,어린이 홈트레이닝
6689,애들 집에서
6690,아이들 집에서
6691,집에서 함께해요
6692,바다노래
6693,물고기노래
6694,열대어
6695,3D아기상어
6696,어플
6697,어플리케이션
6698,게임방법
6699,전화공부
6700,아기상어전화
6701,아기전화배우기
6702,아기상어전화놀이
6703,상어가족1시간
6704,반복재생
6705,동요1시간
6706,60분동요듣기
6707,아기상어꼬리찾기
6708,상어꼬리
6709,Baby Shark's tail
6710,singalong
6711,8bit
6712,8비트상어
6713,오락실상어
6714,게임상어
6715,8bit baby shark
6716,아동용
6717,bebefinn
6718,핑크퐁 베베핀
6719,베베핀 아기상어
6720,베베핀 영어
6721,베베핀 핑크퐁
6722,베베핀 한국어
6723,베베핀 한글
6724,dkrltkddj
6725,베베핑
6726,베베핀 상어
6727,미니특공대노래
6728,베베핀 동요
6729,베베핀 할로윈
6730,어린이 동요교육
6731,bebefinnkorea
6732,유치원누리과정
6733,ㅂㅂㅍ
6734,배배핀
6735,베베핀 공룡
6736,bebefin
6737,bebefing
6738,바른 예절
6739,공룡 댄스
6740,공룡 율동
6741,베베핀 고양이
6742,베베핀 고양이송
6743,we wish you a merry christmas
6744,walking walking
6745,walking 베베핀
6746,개미동요
6747,베베핀 공룡 동요
6748,어린이 공룡 동요
6749,레인보우 유니콘
6750,보라 유니콘
6751,어린이 할로윈 동요
6752,보라 동요
6753,베베핀 아침송
6754,베베핀 할로윈동요
6755,베베핀 앱
6756,아기돌보기 앱
6757,베베핀 할로윈 동요
6758,어린이 할로윈동요
6759,베베핀 플레이타임
6760,베베핀 동화
6761,통잠 자장가
6762,12시간 자장가
6763,자장가 asmr
6764,트리케랍토스
6765,브람스
6766,자장가 노래
6767,수면교육
6768,분리수면
6769,자장가추천
6770,배배핑
6771,babyfin
6772,베베핀자장가
6773,베베핀공룡
6774,아기상어 베베핀
6775,핑크퐁생일
6776,베베핀 율동
6777,베베핀송
6778,베베핀뮤지컬우당탕탕패밀리
6779,베베핀뮤지컬
6780,핀
6781,보라
6782,브로디
6783,베베핀동요
6784,패밀리뮤지컬
6785,아이와가볼만한곳
6786,아이와데이트
6787,아이와외출
6788,베베핀 안전
6789,베베핀 안전동요
6790,베베핀 영어동요
6791,베베핀 영어 모음
6792,포포시네마
6793,어린이극장
6794,어린이영화관
6795,베베핀플레이타임
6796,플레이타임
6797,베베핀영화
6798,영화관
6799,어린이에니매이션
6800,베베핀 공룡동요
6801,티렉스 동요
6802,베베핀 영어교육
6803,영어인기동요
6804,베베핀영어
6805,우당탕탕패밀리
6806,베베핀 공연
6807,숫자송 동요
6808,베베핀애니메이션
6809,스마트폰전화놀이
6810,전화놀이 앱
6811,셋까지 세어봐
6812,화가날때
6813,주방음악회
6814,동물맞히기
6815,베베핀 우유
6816,베베핀 서울우유
6817,서울우유
6818,유기농우유
6819,플레이키트
6820,어버이날동요
6821,어버이날 어린이 동요
6822,실내육아참고서
6823,놀이육아
6824,아이와집에서
6825,베베핀집에서놀기
6826,엄마표놀이
6827,아빠표놀이
6828,박스놀이
6829,박스버스
6830,우유송
6831,어린이 우유
6832,어린이 목욕송
6833,보라생일
6834,베베핀 보라
6835,베베핀쇼츠
6836,배변교육
6837,등원노래
6838,아침준비동요
6839,자전거노래
6840,실내안전
6841,실내안전교육
6842,베베핀 뮤지컬
6843,베베핀 먹방
6844,어린이 음식
6845,어린이 먹방
6846,어린이 안전수칙
6847,안전규칙
6848,베베핀 애니메이션
6849,거짓말은안돼요
6850,설명절
6851,감정동요
6852,베베핀 스토리
6853,스토리 뮤지컬
6854,finger family
6855,베베핀아기돌보기
6856,습관동요
6857,베베핀 크리스마스
6858,뽀로로 크리스마스
6859,만화동화
6860,안녕 안녕
6861,아침이야
6862,all i want for christmas is you
6863,크리스마스 캐롤 영어
6864,베베핀 색깔
6865,베베핀 색깔놀이
6866,크리스마스 색깔
6867,크리스마스 색깔놀이
6868,성탄절 동요
6869,트리꾸미기
6870,눈사람만들기
6871,영어 알파벳
6872,알파벳노래
6873,비야비야저리가
6874,그대로멈춰라
6875,혼자서도잘해요
6876,식사
6877,예절배우기
6878,귀성길 동요
6879,사랑해요
6880,사랑
6881,상자놀이
6882,감각놀이
6883,옷입기
6884,옷입기 동요
6885,숫자교육
6886,1-10
6887,123 숫자송
6888,모기송
6889,모기
6890,아야아야아파
6891,아야송
6892,악기소리
6893,소리동요
6894,소리
6895,드럼
6896,심벌즈
6897,영어배우기
6898,영어듣기
6899,재택근무
6900,모양 학습
6901,모양 교육
6902,아야아야
6903,아야아파
6904,키즈월드
6905,키즈월드앱
6906,아침동요모음
6907,아침 동요
6908,아침 준비
6909,아침 준비송
6910,아침 노래
6911,유니콘
6912,열꼬마버스
6913,음식송
6914,좋아좋아
6915,조아조아
6916,다섯원숭이
6917,고양이노래
6918,거미송
6919,거미 노래
6920,아기 거미
6921,탈 것 동요
6922,영어노래
6923,아플때 동요
6924,호 해주세요
6925,비오는날듣기좋은동요
6926,화장실동요
6927,거짓말
6928,목욕
6929,과일
6930,과일주스
6931,믹서기
6932,booboo송
6933,새해동요모음
6934,2023동요
6935,동물흉내 노래
6936,티라노라우르스
6937,색깔자동차
6938,모양동요 베베핀
6939,손가락 가족
6940,핑거 패밀리
6941,johnny johnny yes papa
6942,길다짧다송
6943,베베핀노래
6944,baby finn song
6945,baby finn 한국어
6946,밥먹기
6947,밥먹기송 어린이
6948,베베핀 자장가
6949,Yes Papa Song
6950,yes papa
6951,베베핀 간식
6952,유아 걸음마
6953,walking walking song
6954,아침기상송
6955,어린이 기상송
