channel_id,channel_title,subscribers,total_views,video_count,description
UCcdwLMPsaU2ezNSJU1nFoBQ,Baby Shark - Pinkfong Kidsâ€™ Songs & Stories,79500000,47497893810,3409,"Welcome to Pinkfong's official YouTube channel. Meet Pinkfongâ€™s fun, educational videos that captured the hearts of millions of children around the world.

Subscribe to Pinkfong Baby Sharkâ€™s channel for kidsâ€™ favorite songs & stories created by professionals in child education.

Follow Pinkfong on social media for new updates and free promotions.
â˜… Website: https://www.thepinkfongcompany.com/
â˜… Twitter: https://twitter.com/pinkfong
â˜… Instagram: https://www.instagram.com/pinkfong.official
â˜… Facebook: https://www.facebook.com/pinkfong.official
â˜… TikTok: https://www.tiktok.com/@pinkfong_official 

[IMPORTANT]
Kindly be noted using The Pinkfong companyâ€™s all creative content such as music or animation (collectively as ""Content"") with no prior permission from The Pinkfong Company is illegal. 

For any inquiries about using Pinkfong's Content for commercial or non-commercial use, kindly contact us through below business inquiry link:
https://bizhelp.pinkfong.com/hc/en-us
"
UCx790OVgpTC1UVBQIqu3gnQ,â˜… Kids Roma Show,39100000,16123190904,748,"Welcome to Roma and Diana world - where Roma, Diana, little Oliver and their parents play, learn, sing, explore and share their life experiences. Millions of kids and families from all over the world join Diana and Roma every day to explore the world and learn about songs, numbers, nature, colors, shapes, animals, and the importance of eating healthy food, washing hands, being a good friend, and much more.
All rights reserved. This visual production contains original artistic content and ideas and is protected by U.S. and international laws. Reproduction and distribution of this visual presentation without written expressed permission of the copyright holder/ author is prohibited.
E-mail: dianaromabiz@gmail.com
"
UC7Pq3Ko42YpkCB_Q4E981jw,Kids TV - Nursery Rhymes And Baby Songs,30500000,15327676492,4278,"Welcome to Kids TV, where the warmth of childhood meets the joy of learning through fun nursery rhymes and toddler songs! 

Our engaging 3D animation videos are designed to both educate and entertain your little ones. Dive into a world of fun and learning with popular favorites like ""Baby Shark,"" ""Johny Johny Yes Papa,"" ""Twinkle Twinkle Little Star,"" ""Wheels on the Bus,"" ""ABC Song,"" ""Colors Song,"" and many more! Join the sing-along and dance-along adventure today!

Kids TV brings you a world of fun with popular cartoons like Bob the Train, Baby Toot Toot, Super Supremes, Junior Squad, Loco Nuts, Zoobees, Dinobees, Booya, and the adorable Little Eddie. Enjoy these cartoons in different languages from around the globe!

Subscribe now to get notified about new videos - https://www.youtube.com/kidstv?sub_confirmation=1
"
UCLbyJSPEe2lx3jY-G0CFR3g,Vania Mania Kids,28800000,14641001058,1401,"Hi and welcome! We are a big family. Mom, Dad and the kids Ivan, Maria, Stephi, Dasha and Alex! Yep, there are 5!

Let your children join the fun! Please support us by subscribing and liking :)
"
UC5PYHgAzJ1wLEidB58SK6Xw,Blippi - Educational Videos for Kids,22500000,16528363299,1192,"Come explore the wondrous world with everybody's best friend, Blippi. How does a recycling truck work? What does a baker do? What is the best playground around? There are so many exciting things to explore and learn. Feed your kidsâ€™ curiosity while they learn about vehicles, animals, the natural world and so much more. Blippi helps childrenâ€˜s understanding of the world and encourages vocabulary development. Blippi loves visiting exciting places such as childrenâ€™s museums and the zoo! He loves singing, dancing, playing and exploring. His contagious curiosity engages young viewers in learning adventures that help them both grow and develop.

Music â–º https://lnk.to/BlippiYTB
Facebook â–º https://www.facebook.com/Blippi 
Instagram â–ºhttps://www.instagram.com/Blippi
TikTok â–º https://www.tiktok.com/@blippi
Moonbug â–º https://www.moonbug.com/about
"
UC6ye474SJCiPsEPueO_b3Gw,With Kids[ìœ„ë“œí‚¤ì¦ˆ],17800000,9389514401,1032,"[With Kids]ì±„ë„ì€?
â˜… ì•„ë¹ ì™€ í•¨ê»˜ ì•„ë“¤ì¸ ì˜ˆì¤€ì´ê°€ ë§Œë“¤ì–´ ê°€ëŠ” í‚¤ì¦ˆ ì±„ë„ì…ë‹ˆë‹¤
â˜… ì˜ˆì¤€ì´ì™€ ì•„ë¹ ê°€ í•¨ê»˜ ì¥ë‚œê° ë†€ì´ë¥¼ í•˜ë©° ë„ì „í•˜ê³  ê²½í—˜í•˜ê³ , ì„œë¡œ ëŒ€í™”í•˜ê³  í•™ìŠµí•˜ë©° ê°™ì€ ì‹œê°„ì„ ê³µìœ í•˜ëŠ” ì¬ë¯¸ìˆëŠ” ì˜ìƒì„ ë§Œë“¤ë ¤ê³  ë…¸ë ¥í•˜ê³  ìˆìŠµë‹ˆë‹¤.
â˜… êµ¬ë… + ì¢‹ì•„ìš” + ëŒ“ê¸€ + ê³µìœ  í•´ì£¼ì‹œë©´ With Kidsì±„ë„ì— í° í˜ì´ ëœë‹µë‹ˆë‹¤ ^^

â˜… We Make Kids Video Channel My son, Ye Jun With Daddy
â˜… Ye Jun and Dad are Trying to Create and Funny Kids Videos That Challenge, Experience, Communicate, Learn and Share the Same Time Together With Toy Play
â˜… Please Subscribe+Like + Comment+share our channel and give us extra ENERGY and FEEDBACK to share on the [With Kids] channel!

â˜…[With Kids] E-Mail : loveis3478@gmail.com"
UClyPv5RRfYdUFv2SsgV5uMw,Kids Play,16700000,8840903621,668,"Welcome to KidsPlay!

KidsPlay is a place where kids can have fun and learn with our family friendly videos!"
UC2RNg_QGZriSGQo6enPLpeQ,Super Crazy Kids,12200000,6450377109,943,"Super Crazy Kids Is The Channel For Kids To Learn Colors, Shapes, Numbers With High-Quality 3D Animation Videos, Come And Join For Different Coloring Videos For Kids...
This Is The Right Place For Kids To Learn. A Joyful Learn With Funny Cartoons And Your Favorite Animals, Toddlers, And Animation Videos And Other To Have A Fun...

Hope You Enjoy... 
Share Your Response By Commenting And Show Your Interest By Liking Videos...

Please Follow The Below Link To Subscribe...
or
Simply Click On Our Channel Below and Then Subscribe...
https://goo.gl/qQOSTh

Don't Forget To To Share....... Have A Fun Learning... Thank You For Watching.

â’¸ All Content & Copy Rights Managed By HYPER INTERACT SERVICES PVT LTD..
"
UCcOj1rEHLhu3QDHP_gGgVkg,Kids Learning Songs,10200000,6229036412,764,"Hello and welcome to our channel! Here you will find the most beautiful Kids Learning Songs for all the little ones, with a big variety of Nursery Rhymes Songs and Rhymes. From Finger Family To Clap your Hands and Johny Johny, your child will learn with us the magic of singing and learning. 
Enjoy!"
UC977n5nXRn8MDuGQjwxkOLw,Cartoons for Kids,9080000,3481582333,2701,"Welcome to Cartoons for Kids! 

Follow the fun and amazing adventures of the animated version of Mr Bean, the British icon of the 1990s and a comedy for fans of all ages. Starring Rowan Atkinson.

Subscribe!

#mrbean #mrbeancartoons #cartoonsforkids #mrbeananimated
"
UCeZQXIvIl3Nt53JhP9bv-LA,Toy For Kids [í† ì´í¬í‚¤ì¦ˆ],8630000,2976791713,67,"Welcome to Toy For Kids [í† ì´í¬í‚¤ì¦ˆ] Youtube Channel !

Toy For Kids [í† ì´í¬í‚¤ì¦ˆ] Lightning Mcqueen, The Little Bus Tayo, Paw Patrol, 
Thomas and Friends, Robocar Poli, Pj Masks, Playmobil, Disney toys, Super Wings, Dinosaur, 
Trains, Construction Equipment, Trucks, Excavator, Tractors, Planes, Boats, 
Fire trucks, Police Car, Play-Doh, Surprise Eggs, Animals...

Incorporating cartoons and learn colors, numbers, the alphabets, 
character names with real life footage and many more.

Enjoy kid playing with toys channel.
Thanks for visiting our channel and enjoy our video.

ê´‘ê³  ê´€ë ¨, ê¸°íƒ€ ì‚¬í•­ ë¬¸ì˜ëŠ” ë¹„ì¦ˆë‹ˆìŠ¤ ë©”ì¼ì„ ì´ìš©í•´ì£¼ì‹œê¸° ë°”ëë‹ˆë‹¤. ê°ì‚¬í•©ë‹ˆë‹¤^^
If you have any inquiries about advertising, please contact us via e-mail. Thanks :) 

Business e-mail : gramrose@gmail.com"
UCnHCaT79--qqZKBSWoJq_NA,With Kids Playground [ìœ„ë“œí‚¤ì¦ˆ ë†€ì´í„°],6770000,2492912065,607,"Wiith Kids Playground [ìœ„ë“œí‚¤ì¦ˆ ë†€ì´í„°] ì±„ë„ì€?

â˜… ì•„ë¹ ì™€ í•¨ê»˜ ì•„ë“¤ì¸ ì˜ˆì¤€ì´ê°€ ë§Œë“¤ì–´ ê°€ëŠ” í‚¤ì¦ˆ ì±„ë„ì…ë‹ˆë‹¤
â˜… ì˜ˆì¤€ì´ì™€ ì•„ë¹ ê°€ í•¨ê»˜ ì¥ë‚œê° ë†€ì´ë¥¼ í•˜ë©° ë„ì „í•˜ê³  ê²½í—˜í•˜ê³ , ì„œë¡œ ëŒ€í™”í•˜ê³  í•™ìŠµí•˜ë©° ê°™ì€ ì‹œê°„ì„ ê³µìœ í•˜ëŠ” ì¬ë¯¸ìˆëŠ” ì˜ìƒì„ ë§Œë“¤ë ¤ê³  ë…¸ë ¥í•˜ê³  ìˆìŠµë‹ˆë‹¤.
â˜… êµ¬ë… + ì¢‹ì•„ìš” + ëŒ“ê¸€ + ê³µìœ  í•´ì£¼ì‹œë©´ With Kids Playground [ìœ„ë“œí‚¤ì¦ˆ ë†€ì´í„°] ì±„ë„ì— í° í˜ì´ ëœë‹µë‹ˆë‹¤ ^^

â˜… We Make Kids Video Channel My son, Ye Jun With Daddy
â˜… This Channel is About Kids Playing Mostly at Outdoor Indoor Playground, Amusement Theme Park for Family and Kids Funny Video
â˜… Family Fun Playtime With Indoor Playground Play Area for Kids! This play Area for children had kids mini cars on the playground. Play fun in Toddler play center with toys! 
â˜… Please Subscribe+Like + Comment+share our channel and give us extra ENERGY and FEEDBACK to share on the Channel!"
UCURffR0e_FPKnDuzQ0XyWhw,ìœ„ë“œí‚¤ì¦ˆ í† ì´ì¦ˆ [With Kids Toys],6550000,3171161591,874,"ì•ˆë…•í•˜ì„¸ìš”~! WITHKIDS & TOYS ì…ë‹ˆë‹¤.

WITHKIDS TOYS ì±„ë„ì— ì˜¤ì‹ ê²ƒì„ í™˜ì˜í•©ë‹ˆë‹¤.
ìš°ë¦¬ì±„ë„ì—ì„œëŠ” ë‹¤ì–‘í•œ ìë™ì°¨ ì¥ë‚œê° , ì¤‘ì¥ë¹„ íŠ¸ëŸ­ , ê±´ì„¤ê¸°ê³„ ì¥ë‚œê°ì„ ì´ìš©í•˜ì—¬ ì¬ë¯¸ìˆëŠ” ì˜ìƒì„ ì œì‘í•˜ê³  ìˆìŠµë‹ˆë‹¤.
í¥ë¯¸ë¡œìš´ ìƒˆë¡œìš´ ì¥ë‚œê° ê°œë´‰ ë° êµ¬ì¶œë†€ì´, ëª¨ë˜ë†€ì´, ê³µë£¡ë†€ì´, íŠ¸ëŸ­ ìë™ì°¨ ëª¨í—˜ë†€ì´ì™€ ê²Œì„ í”Œë ˆì´ ì˜ìƒì„ í•¨ê»˜ ì¦ê¸°ì‹¤ìˆ˜ ìˆëŠ” ë‹¤ì±„ë¡œìš´ ì±„ë„ì…ë‹ˆë‹¤.
ë˜í•œ ë‹¤ì–‘í•œ R/C ì¥ë‚œê°ì„ ë§Œë‚˜ì‹¤ìˆ˜ ìˆìŠµë‹ˆë‹¤.

Welcome to the WITHKIDS TOYS channel.
Our channel produces interesting videos using various toy cars, heavy equipment trucks, and construction machinery toys.
It is a colorful channel where you can enjoy interesting new toy opening and rescue play, sand play, dinosaur play, truck car adventure play and game play videos together.
You can also meet various R/C toys.

â˜…[With Kids & Toys] E-Mail : withkidstoys@gmail.com"
UCjVkjd2VWCWO-9DHRQER3Yg,KidsCamp Nursery Rhymes & Learning Videos for Kids,6150000,4043881926,1225,"Welcome to Kidscamp! Join Elly and her little sister Eva as they sing and dance on a colorful journey through the wonderful world of songs and rhymes. Learn all about the Alphabet, Numbers, Shapes and Colors through the charming series â€˜The World of Ellyâ€™ as she comes across curious situations and learns about them in the most creative and innovative manner.

Watch your Favourite KidsCamp Nursery Rhymes Ad-Free on the ABC Plus App on the Apple App Store. Free Trial for 7 days. Click here - https://onelink.to/abcplusapp

"
UCscXMFbjj0JUFgoEHqhbo1A,For Kids TV,5850000,2286050456,2323,"
ĞŸĞ¾ Ğ²ÑĞµĞ¼ Ğ²Ğ¾Ğ¿Ñ€Ğ¾ÑĞ°Ğ¼ ÑĞ¾Ñ‚Ñ€ÑƒĞ´Ğ½Ğ¸Ñ‡ĞµÑÑ‚Ğ²Ğ° Ğ¸ Ñ€Ğ°Ğ·Ğ¼ĞµÑ‰ĞµĞ½Ğ¸Ñ Ñ€ĞµĞºĞ»Ğ°Ğ¼Ñ‹ Ğ¾Ğ±Ñ€Ğ°Ñ‰Ğ°Ğ¹Ñ‚ĞµÑÑŒ partnership@xmediadigital.ru
For all partnership and advertising requests please contact us by e-mail partnership@xmediadigital.ru"
UC12_HhJo54uqZ5m6xCjoOFA,Super Kids TV,5730000,1927468351,23,"Super Kids TV is an online educational channel dedicated to entertain and educate toddlers, Pre and kindergarten kids. 

Copyright Â© 2015-2019  Little Brain Works Private Limited. All Rights Reserved."
UCo0ZBPbg3aVEO88tNwLwdDA,Kids Funny Songs,5710000,4414180640,1369,"Kids Funny Songs

"
UCqa2MPu8bLY1PwVFUpSyVhQ,HiHo Kids,5510000,4001452920,1035,"Sponsor Our Videos: https://www.cut.com/partnerships

Be sure to Subscribe for more fun videos!
"
UCudZ1fVvCSPMoVcqa7kxgGw,Kids Videos,4990000,2654025004,2432,
UCx_dzPI6efSohgtOkAG43-A,EBS í‚¤ì¦ˆ,3850000,5238868082,23826,"Developing high quality educational contents so that our youth can be the creative leaders of tomorrow. leading the children and preschool fields, EBS is broadcasting excellent educational contents.

EBSëŠ” ìœ ì•„,ì–´ë¦°ì´ë“¤ì´ ë¯¸ë˜ë¥¼ ìœ„í•´ ê¿ˆì„ ì‹¤í˜„í•  ìˆ˜ ìˆë„ë¡ êµìœ¡ì  ìš”ì†Œì™€ ì˜¤ë½ì  ìš”ì†Œë¥¼ ì ì ˆí•˜ê²Œ ì¡°í™”ì‹œí‚¨ ì–‘ì§ˆì˜ ì—ë“€í…Œì¸ë¨¼íŠ¸ í”„ë¡œê·¸ë¨ì„ ë°©ì†¡í•©ë‹ˆë‹¤."
UChz5aEi3dfrDVC8-YJsMUDA,T-Series Kids Hut,3370000,1180289638,1461,"Kids Hut Channel is filled with all the popular NURSERY RHYMES, BEDTIME STORIES & THINGS YOU(KIDS) WANT TO KNOW. All The Voice Over Of The Channel Are Done By Renowned Bollywood Singer Tulsi Kumar. Popular Nursery Rhyme Characters comes alive to make you kids sing and dance, there is a new adventure to find with Tia and Tofu every time you visit Kids Hut. Tia and Tofu are all set to take you on this adventure trip to the Magical Place called Kids Hut, Join Kids Hut and be a part of our Kids Hut Family."
UCrUlt5TwS6OUD8xpC36EBvw,We Are Kids United,3110000,1603146476,117,"Bienvenue sur notre chaine Youtube officielle ! N'hÃ©sitez pas Ã  ""Liker"", commenter et partager nos vidÃ©os avec vos amis ! On vous embrasse, Ã  trÃ¨s vite !"" Les Kids United Nouvelle GÃ©nÃ©ration : Dylan, Gloria, Ilyana, Nathan, Valentina.

Notre album Best Of Ã  paraÃ®tre le 23 octobre est disponible dÃ¨s maintenant en prÃ©commande : https://playon.lnk.to/kidsUnitedBestOf"
UC-8xPSlb0xDYqSuIWcdcPAQ,ì§€ë‹ˆí‚¤ì¦ˆ Genikids (ì¸ê¸° ë™ìš”ãƒ»ë™í™”),1850000,1603353659,1386,"Play & Learn 

ë†€ë©´ì„œ ë°°ìš°ëŠ” ì¬ë¯¸ìˆëŠ” ìŠ¤ë§ˆíŠ¸ í•™ìŠµ ë†€ì´í„° 'ì§€ë‹ˆí‚¤ì¦ˆ Genikids' ì…ë‹ˆë‹¤.
ë™ìš”, ë™í™” ë¿ ì•„ë‹ˆë¼ ì•ˆì „ê±´ê°•, ì¸ì„±ë°œë‹¬, ì§ì—… ì²´í—˜, ëˆ„ë¦¬ê³¼ì • ë“± ì•„ì´ë“¤ì˜ ì°½ì˜ì„±ê³¼ ì§€ëŠ¥ ê³„ë°œì— ë„ì›€ë˜ëŠ” ë‹¤ì–‘í•œ ë†€ì´í™œë™ ì• ë‹ˆë©”ì´ì…˜ì´ ì¤€ë¹„ë˜ì–´ ìˆë‹µë‹ˆë‹¤.


YouTube  ì§€ë‹ˆí‚¤ì¦ˆ ì±„ë„ êµ¬ë…í•˜ì‹œê³ 
ë” ë§ì€ ì• ë‹ˆë©”ì´ì…˜ì„ ë³´ê³  ì‹¶ìœ¼ì‹œë©´ ì§€ë‹ˆí‚¤ì¦ˆ ì‚¬ì´íŠ¸ë„ ì°¾ì•„ì£¼ì„¸ìš”!
http://www.genikids.com

â“’ëª¨ë“  ì½˜í…ì¸  ì €ì‘ê¶Œì€ (ì£¼)ë¸Œë¦­ìŠ¨ì— ìˆìŠµë‹ˆë‹¤. 
ì €ì‘ê¶Œìì˜ í—ˆë½ì—†ì´ ë¬´ë‹¨ ë„ìš©, ìƒì—…ì ì¸ ì‚¬ìš©ì„ ê¸ˆí•˜ë©° ì´ë¥¼ ì–´ê¸¸ ì‹œ ë²•ì  ì±…ì„ì„ ë¬¼ì„ ìˆ˜ ìˆìŠµë‹ˆë‹¤.


â˜…ì½˜í…ì¸  ì œì‘ ì˜ë¢°ëŠ” ë¹„ì¦ˆë‚´ìŠ¤ ë¬¸ì˜ ë©”ì¼ì€ GK_biz@genikids.com ë©”ì¼ ì£¼ì†Œë¡œ ì—°ë½ ë°”ëë‹ˆë‹¤.

Copyright â“’ Brixen, co., Ltd. All Rights Reserved.
"
UCYqksDldZTkKmsrBb4OGJ9g,Toddler Learning Videos For Kids - Lucas & Friends,1760000,977640609,164,"Calling all parents and caregivers. Looking for a fun and engaging way to help your little ones learn and grow? Look no further than Lucas & Friends By RV AppStudios!

Our vibrant YouTube channel is bursting with colorful, educational toddler videos, catchy nursery rhymes, and kids songs. We don't just entertain â€“ we educate! Join Lucas & Friends on a learning adventure where your child can:

- Master their ABCs (alphabets) and counting 123s (numbers).
- Explore a world of shapes and vibrant colors.
- Develop essential life skills, from learning to talk to practicing good behavior.

We cater to babies, toddlers, and preschoolers, making learning fun and accessible for every stage. Did you know Lucas & Friends started as a mobile app as a passion project? Today, over 750 million kids around the world have used our free apps (ages 2-7) â€“ all with no ads! We never imagined building a kids brand one day. Thank you!

So come on, subscribe to our channel and join the Lucas & Friends family.
"
UCKg5OH7nedRD-S3Ex0cc_4A,Baby Cars | Kids Songs,1690000,742277464,396,"Welcome to Baby Cars - our Kids Song channel! ğŸ‰
Get ready for road adventures ğŸï¸ğŸš“ and fun songs! ğŸŒˆğŸ¶ Listen, play and move with animated cars and friends! ğŸ’ƒğŸ¥ğŸ¸ğŸºğŸ•º On our channel, you will find fun cartoons about little cars and their animal friends! ğŸš— ğŸ˜¸ ğŸšŒ ğŸ¨ ğŸšœ ğŸ¦Š
Each cartoon is a new story full of adventure and fun. ğŸ¤© Cars and animals play together, learn new things and help each other! ğŸ‘ Our cartoons feature simple child songs that will help your little ones learn to count, sing and dance. ğŸº They also develop imagination, creativity and social skills in children! ğŸ˜ƒ 
Join us and watch our cartoons with your children! â¤ï¸ Subscribe to our channel ğŸ”” and enjoy our cartoons! ğŸ’–ğŸ’–ğŸ’–
#babycars #kidssongs #babysongs #babycar #cars #car #forkids #policecar #policecartoon #police_car #baby #wheelsonthebus #bus #babybus #monstertruck #ambulance #carsonyoutube #childrenscartoons #childrenssongs #educationalcartoons #learningcartoons #funcartoons #adventurecartoons #animalscartoons #carscartoons
"
UCewxcWJd20P0dzo-Fk0xWdg,Listener Kids,1640000,856178518,176,"ğŸ’“ We create music videos kids love, with faith-based values parents' love. ğŸ’“

We believe you are never too young to praise God!

Listener Kids is the leading provider of lovable Christ-centered music and videos that are just as good, if not better, than secular kids' content.

Rejoice! You can have ""peace"" and ""joy"" about what your kids are watching.

At Listener Kids, we create modern, revamped versions of classic Sunday school and Bible songs. Our music videos not only get kids singing and dancing but also growing in faith.

www.listenerkids.com
http://www.listenerkids.com"
UCXVCgDuD_QCkI7gTKU7-tpg,Nat Geo Kids,1320000,247290890,1006,"Get new videos every week with facts about science, animals, and more! Subscribe to Nat Geo Kids magazine: natgeo.com/ytkidsmagazine

Fuel kids' curiosity with magazines designed to inspire and empower children ages 3 and up: natgeo.com/ytkidsmagazine

â¡ Subscribe: https://www.youtube.com/@natgeokids

Watch the newest videos on Nat Geo Kids YouTube here: https://www.youtube.com/playlist?list=PLQlnTldJs0ZQExTCjWSXXkCdfSvpjT5cO
"
UCRFIPG2u1DxKLNuE3y2SjHA,SciShow Kids,1260000,335095114,599,"From the team behind the YouTube series SciShow comes SciShow Kids! 

Every other week, join host Jessi, her robot rat friend Squeaks, and all their friends at the Fort as they explain fun, complex science concepts for young, curious minds. Whether conducting experiments, researching new questions, or talking with experts, thereâ€™s always something new to discover with SciShow Kids, no matter what your age!

SciShow Kids is ideal for early-elementary learners, Grades 1-3, and most episodes are structured around the Next Generation Science Standards (NGSS) curriculum.
"
UC-qvsP9s1az2_7HqYfSiO6w,ë‹ˆë‹ˆí‚¤ì¦ˆ,1120000,613787671,656,"ğŸ’›ë‹ˆë‹ˆí‚¤ì¦ˆ í•œêµ­ ê³µì‹ì±„ë„ [NINIkids Official YouTube Channel]ğŸ’›
ìˆ˜í˜¸ìš”ì • ë‹ˆë‹ˆí‚¤ì¦ˆë“¤ê³¼ í•¨ê»˜ ì¦ê²ê²Œ ì–´ë¦°ì´ ì½˜í…ì¸ ë¥¼ ì‹œì²­í•´ë³´ì•„ìš”!
ë‹ˆë‹ˆí‚¤ì¦ˆëŠ” (ì£¼)ë¶ì´ì‹­ì¼ì—ì„œ ìš´ì˜í•˜ëŠ” ì–´ë¦°ì´ ì½˜í…ì¸  ëŒ€í‘œ ì±„ë„ ì…ë‹ˆë‹¤ğŸŒ¸

ğŸ’›ë‹ˆë‹ˆí‚¤ì¦ˆ ìºë¦­í„° ì†Œê°œğŸ’›
- ê¼¬ë‹ˆ : ë…¸ë‘ìƒ‰ ë„ˆêµ¬ë¦¬ ëª¨ìŠµ! ê·€ì—½ê³  í•­ìƒ ê¶ê¸ˆí•œ ê²ƒì´ ë§ì€ ìºë¦­í„°!
- ì¨ë¯¸ : ë¶„í™ìƒ‰ ê³ ì–‘ì´ ëª¨ìŠµ! ìƒˆì¹¨ë–¼ê¸° ê³µì£¼ê°™ì§€ë§Œ ì •ì´ ë§ì€ ìºë¦­í„°!
- ì˜ë‹ˆ : ì´ˆë¡ìƒ‰ í­ê·„ ëª¨ìŠµ! ì°¸ì„ì„±ì´ ë¶€ì¡±í•˜ì§€ë§Œ í„¸í„¸í•˜ê³  ì˜ë¦¬ìˆëŠ” ìºë¦­í„°!
- ë– ë‹ˆ : ë³´ë¼ìƒ‰ í† ë¼ ëª¨ìŠµ! í˜¼ì ìˆê¸¸ ì¢‹ì•„í•˜ê³  ì°¨ê°‘ì§€ë§Œ í—ˆë‹¹ë¼ ê°€ë“í•œ ìºë¦­í„°!
- ì°Œë‹ˆ : í•˜ëŠ˜ìƒ‰ ì•…ì–´ ëª¨ìŠµ! ë§ì´ ì—†ê³  ì¡°ìš©í•˜ì§€ë§Œ ì°©í•˜ê³  ë§ˆìŒì´ ë„“ì€ ìºë¦­í„°!
- ì©Œë¦¬ : ë…¸ë‘ìƒ‰ ì•…ì–´ìƒˆ ëª¨ìŠµ! ìˆ˜ë‹¤ìŸì´ì— ì§ˆíˆ¬ë„ ë§ì§€ë§Œ ì†ì´ ì—¬ë¦° ìºë¦­í„°!

ğŸ’›ë‹ˆë‹ˆí‚¤ì¦ˆ êµ¬ë…í•˜ê³  ìš°ë¦¬ í•¨ê»˜ ê¿ˆì„ í‚¤ì›Œë³´ì•„ìš”!ğŸ’›


ğŸ“¬ë¹„ì¦ˆë‹ˆìŠ¤ ë¬¸ì˜
ì˜ìƒ ì œì‘ ë° ë¼ì´ì„¼ì‹± ë“± ê¸°íƒ€ë¬¸ì˜ëŠ” ì•„ë˜ ë©”ì¼ì£¼ì†Œë¡œ ì—°ë½ë°”ëë‹ˆë‹¤.
jieun_lee@book21.co.kr


ë‹ˆë‹ˆí‚¤ì¦ˆì˜ ëª¨ë“  ì½˜í…ì¸ ë“¤ì€ ë²•ì ìœ¼ë¡œ ë³´í˜¸ë¥¼ ë°›ê³  ìˆìŠµë‹ˆë‹¤.
ì €ì‘ê¶Œìì˜ í—ˆë½ì—†ì´ ë¬´ë‹¨ ì‚¬ìš©ì‹œ ì €ì‘ê¶Œë²•ì— ì˜ê±°í•˜ì—¬ ë¶ˆë²•ìœ¼ë¡œ ê°„ì£¼ë©ë‹ˆë‹¤.

Copyright Â© BOOK21 Co., Ltd. All Rights Reserved.
"
UCqb89GqploCXgz4lsdR-_ww,Kids Academy,956000,268801762,716,"ğŸ‘‹ Try with FREE Month â¡ï¸  http://surl.li/dwgkaw
Learning Website for Pre-K to 3rd Grade. 
"
UCTPSb6BE8Qxltodm96M5lew,K-I-D-S Learning Videos,947000,188747777,41,"ğŸš— K-I-D-S Learning Videos: City of Little Cars - A Lot of videos with Trucks, Excavators, Tractors, Garbage Trucks and other street vehicles! 

ğŸšŒ Welcome to the Thrilling World of Street Vehicles - where the excitement of the city streets meets the magic of your favorite Disney Cars characters like Lightning McQueen, Mack the Truck, and more. 

ğŸšš Our channel is dedicated to bringing a spark of joy and a dash of learning to young minds through a delightful array of videos featuring a variety of trucks, excavators, tractors, garbage trucks, and beloved characters from Disney's Cars.

ğŸšœ Educational & Fun: Each video is a learning opportunity, introducing kids to the fascinating functions and roles of different street vehicles in an engaging and relatable way.

ğŸš› Get ready to zoom into a world where learning meets play, and the streets are filled with the wonders of vehicles and the charm of Disney's Cars. Let's explore, learn, and have endless fun together!
"
UC5LkU2y50pyN8j1JDgEmjwg,Kids2Kids,657000,920238117,735,"If your kids are inspired to play while watching, mission accomplished! 
KIDS2KIDS, PO BOX 130691, Ann Arbor, MI 48113
"
UCGxE9I3vpwj9973SaW72tqg,Kids Learn and Grow - Educational Videos,414000,229025683,164,"We inspire kids to learn through play! Our preschool-level educational videos focus on engaging young minds with colors, toys, music, and puzzles. This channel is managed by a certified teacher with over 20 years of experience educating children. If you would like more tips, tools, and resources to support your toddler through their education journey, then check out our website www.kidslearningandgrowing.com.



"
UCByq-1ptu3MhFzdENEHTf4A,ìˆ˜ì§€í‚¤ì¦ˆ Suji Kids,359000,140305006,758,"
*ë¹„ì¦ˆë‹ˆìŠ¤/ê´‘ê³  ë¬¸ì˜ bizalive@naver.com
"
UCTc15uvrhUmW044MfJG4HHw,Kids Tv Korea - ì–´ë¦°ì´ë™ìš”,324000,120138324,1048,"ìš°ë¦¬ì˜ ì±„ë„ì— ì˜¤ì‹  ê²ƒì„ í™˜ì˜í•©ë‹ˆë‹¤, Kids Tv Korea ìš°ë¦¬ëŠ” ì Šì€ ì‚¬ëŒë“¤ì„ìœ„í•œ ìœ ì¹˜ì› ìŒì•…ê³¼ ì–´ë¦°ì´ ë…¸ë˜ ëª¨ìŒì„ ê°€ì§€ê³  ë°°ìš°ê³  í•¨ê»˜ ë…¸ë˜ í•  ìˆ˜ ìˆìŠµë‹ˆë‹¤.
ì•„ì´ë“¤ì€, ì¸ê¸° ë™ìš”ì™€ ë…¸ë˜ì™€ ë¹„ë””ì˜¤ë¥¼ í•™ìŠµ ë˜í•œ ì°¨ëŸ‰ì€ 3Dì—ì„œ ì–´ë¦°ì´ì— ëŒ€í•œ ë¹„ë””ì˜¤ë¥¼ í•™ìŠµ."
UCwHO92Tu97JWHzl3RmadNug,Mindful Kids,312000,60623949,115,"ğŸµ Welcome to Mindful Kids â€“ Your Family's Musical Haven! ğŸŒŸ

About Us:
We're Britt Mari & Kenneth, passionate about creating a positive, tranquil space for families. Our channel offers a variety of music and meditations to enrich the lives of children and parents alike.

Our Offerings:
ğŸ’  Bedtime Music: Soothing tunes for sleep.
ğŸ’  Mindfulness & Meditation: Guided sessions for serenity.
ğŸ’  Study & Focus Music: Tracks for concentration at all ages.
ğŸ’  Nap Time Tunes: Gentle music for naps.
ğŸ’  Background Music: Ambient sounds for any setting.

Our Mission:
To foster a positive mindset in children, simplifying parenting and ensuring peaceful sleep and a thriving family environment.

Special Features:
ğŸ’  FREE High-Quality Music: Diverse, age-appropriate content.
ğŸ’  Positive Self-Image: Meditations and affirmations for children's esteem.

Join Us: Discover, relax, and grow with us. Start your journey to positivity!

Love, Britt Mari & Kenneth â¤ï¸
"
UC05hjlrZcrqnbRguPkILkAg,ë§Œë ™í‚¤ì¦ˆ MAX LV. KIDS,208000,29180252,53,"ë§Œë ™í‚¤ì¦ˆ ì±„ë„ ì•ˆì—ì„œ ì„±ì¥í•˜ëŠ” 6ëª…ì˜ ì£¼ì¸ê³µë“¤!

ë‹¤ì–‘í•œ ê²½í—˜ì¹˜ë¥¼ ìŒ“ì•„ ë§Œë ™ì„ í–¥í•´ ë‹¬ë ¤ê°€ëŠ” ê·€ì—¼ë½€ì§ ì•„ì´ë“¤ì˜
ìœ ì¾Œ, ë°œë„, ë˜‘ì†Œë¦¬ë‚˜ëŠ” ì±„ë„!

ì§€ê¸ˆ ë°”ë¡œ êµ¬ë…í•˜ì‹œê³ ~ ë ˆë²¨UP â¬†ï¸"
UCDMbHxjACpyM0qigvBms_Vw,ë˜‘ë˜‘í‚¤ì¦ˆ TokTok Kids,151000,81424350,504,"ë˜‘ë˜‘í•œ ì—„ë§ˆë“¤ì´ ì„ íƒí•œ í‚¤ì¦ˆì±„ë„!
êµ¬ë…ê³¼ ì¢‹ì•„ìš”ëŠ” í˜ì´ ë©ë‹ˆë‹¤. ë§ì´ ì‚¬ë‘í•´ì£¼ì„¸ìš”ğŸ˜„
"
UC8vP83Ekv5b_XKpUoAI0VCg,With Kids,142000,9829734,96,"With Kids is a channel about the adventures of Yejun and his family. Funny videos about cars, excavators, trucks on power wheels, videos for kids about superheroes, colored toys, hide and seek and much more â˜€ï¸"
UCiPJ1j3qk53FbblODbk-Riw,ëª¬ìŠ¤í„°íŒ©í† ë¦¬ í‚¤ì¦ˆ (Monster Factory Kids),55000,11415203,297,"ì˜¤ë””ì…˜ ë¬¸ì˜ / ë ˆìŠ¨ ë¬¸ì˜
KakaoTalk : downs
010-4344-7009
"
UCIMmuidNJdncfMEelOU08Fg,Stray Kids - Topic,53600,1833819301,659,Stray Kids(ìŠ¤íŠ¸ë ˆì´ í‚¤ì¦ˆ) Official YouTube Music
UCy6pMErptP-pbIddOHDCXLw,CGN KIDS,36900,20881896,1850,"CGN kids ê³µì‹ ì±„ë„ì…ë‹ˆë‹¤.
'ì˜ˆìˆ˜ë‹˜ì´ ì¢‹ì•„ìš”',  'ë‚˜ëŠ”ì•¼ ì£¼ì˜ ì–´ë¦°ì´' ë“± í‚¤ì¦ˆ ë§ì¶¤ ì½˜í…ì¸ ë¡œ ë‹¤ìŒ ì„¸ëŒ€ ì‹ ì•™êµìœ¡ì„ ë•ëŠ” ìœ íŠœë¸Œ ì±„ë„ì…ë‹ˆë‹¤.

[CGN í›„ì›ì— ë™ì°¸í•˜ê¸°]
â–¶CGN í›„ì›ë¬¸ì˜ : 02-796-2243
â–¶CGN ARS : 060-705-0000 (í•œ í†µí™”ì— 10,000ì›)
â–¶CGN í›„ì›í˜ì´ì§€ : https://bit.ly/Supportcgntv

[IPTV ë°©ì†¡ì±„ë„ë²ˆí˜¸]
 - KT Olleh TV : 237ë²ˆ / SK Btv : 302ë²ˆ / LG U+ tv : 271ë²ˆ
[ì¼€ì´ë¸” ë°©ì†¡ì±„ë„ë²ˆí˜¸]
 -LG í—¬ë¡œë¹„ì „ : 288ë²ˆ / D'Live 304 / í˜„ëŒ€ HCN (ì„œìš¸ ì„œì´ˆêµ¬) 550

[íë‹¹ OTT ì•± ë‹¤ìš´ë¡œë“œ] 
 - http://www.fondant.kr/about/download.html

[CGN ë¼ì´ë¸Œì•±] 
-  ê° OSë³„ ë§ˆì¼“ì—ì„œ 'CGNTV Live' ê²€ìƒ‰ í›„ ë‹¤ìš´ë¡œë“œ 

[CGN ì›¹ì‚¬ì´íŠ¸] 
 - www.m.cgntv.net

[ì¸ìŠ¤íƒ€ê·¸ë¨] 
- https://www.instagram.com/cgn_korea/

[í˜ì´ìŠ¤ë¶]
 - www.facebook.com/cgnfriends/
"
UC8N8Kq2O7YcvF9C0nZuPT-Q,HOTSON KIDS TVí•«ìŠ¨í‚¤ì¦ˆí‹°ë¹„,34500,34388599,174,"HOTSON KIDS TV: ìš°ë¦¬ ì•„ì´ë“¤ì˜ í•œê¸€, ìˆ«ì, ìƒ‰ê¹” ë“± ì¬ë¯¸ìˆëŠ” ì˜ìƒì„ ë§Œë‚˜ë³´ì„¸ìš”!

í•«ìŠ¨í‚¤ì¦ˆí‹°ë¹„ ì˜ìƒê³¼ í•¨ê»˜ ìš°ë¦¬ì•„ì´ë“¤ì˜ ì°½ì˜ë ¥ê³¼ ë¬´í•œí•œ ìƒìƒë ¥ì„ í‚¤ì›Œì¤„ê±°ì—ìš”.

í•œê¸€: ã„±ã„´ã„·ã„¹...
ìˆ«ì: 1 2 3 4 ...
ì•ŒíŒŒë²³: A B C D ...
ìƒ‰ê¹”ë†€ì´: ë¹¨ê°•, ë…¸ë‘, íŒŒë‘, ì´ˆë¡ ...

ë©‹ì§„ ëª¨í—˜ê³¼ ìƒˆë¡œìš´ ë°°ì›€ì„ ìš°ë¦¬ì™€ í•¨ê»˜ í•˜ì„¸ìš”."
UCv8LawJRkCwaYndgy0nu60w,í‚¤ì¦ˆë©œë¡œë””Kids Melody,30800,24850885,392,"ì „ì„¸ëŒ€ê°€ ê³µê°í•  ìˆ˜ ìˆëŠ” ê°ì„±ë™ìš” í”Œë ˆì´ë¦¬ìŠ¤íŠ¸ 

êµìœ¡ë¶€ì¥ê´€ìƒì„ ìˆ˜ìƒí•œ ë™ìš”ì‘ê³¡ê°€ê°€ ìš´ì˜í•˜ëŠ” 
'í‚¤ì¦ˆë©œë¡œë””' ì±„ë„ì€ ì°½ì‘ë™ìš”ëŒ€íšŒì—ì„œ ìˆ˜ìƒí•œ ê³¡ë“¤ì„ 
ì• ë‹ˆë©”ì´ì…˜ê³¼ ìˆ˜ì±„í™” ì˜ìƒìœ¼ë¡œ ë§Œë‚˜ë³¼ ìˆ˜ ìˆëŠ” ì±„ë„ì…ë‹ˆë‹¤.
ì”ì”í•œ ë™ìš”ë¶€í„° ì‹ ë‚˜ëŠ” ë™ìš”ë“¤ë¡œ ì—¬ëŸ¬ë¶„ì˜ ê°ìˆ˜ì„±ì„ ì§€ì¼œë“œë¦´ê²Œìš”ğŸ˜ğŸ˜


ğŸ”¸ êµê³¼ì„œ ìˆ˜ë¡ ì¸ê¸°ë™ìš”
ğŸ”¸ ìˆ˜ì±„í™”ë¡œ ê°ìƒí•˜ëŠ” ê°ì„±ë™ìš”
ğŸ”¸ ì£¼ì œë³„ ë™ìš” ì „ë¬¸ í”Œë ˆì´ë¦¬ìŠ¤íŠ¸
ğŸ”¸ ë“œë¼ë§ˆ, ì˜ˆëŠ¥ ë°©ì†¡ì— ìì£¼ ë‚˜ì˜¤ëŠ” ë™ìš”
ğŸ”¸ ê³µê³µê¸°ê´€ ìŒì•… ì „ì‹œë¬¼ë¡œ ìì£¼ ì†Œê°œë˜ëŠ” ë™ìš”


ğŸ’« ì œíœ´ ë¬¸ì˜
ğŸ’« ì•…ë³´, MR ë¬¸ì˜
ğŸ’« ìŒì› ì‚¬ìš© ë¬¸ì˜
ğŸ’« êµê°€ ì‘ê³¡ ë° ì œì‘ ë¬¸ì˜


ğŸ‘‡ ì§€ê¸ˆ ë°”ë¡œ ì˜ê²¬ ë‚¨ê¸°ê¸° ğŸ‘‡
ğŸ’œêµ¬ë…ì ì‚¬ì—°ì´ ë™ìš”ê°€ ë˜ëŠ” í‚¤ì¦ˆë©œë¡œë””ğŸ’œ 
https://forms.gle/UNQ1UYLSisRWxzWVA


ğŸ’Œì¸ìŠ¤íƒ€: @kidsmelody_official
ğŸ’Œë©”ì¼: kidsmelodylove@gmail.com"
UCa_QiDZoCBU5Gn6gwpDIcwA,Ana's KIDS Diary ì•„ë‚˜ì˜ ì¼ê¸°,28800,19800406,97,"Hello, I'm Ana. 

Ana's meaning is the name that started with my favorite Disney character Moana. 

It also means ""child and me"" in Korean. 

I will always make videos for both my child and me.

I hope these videos make you happy, too.

Thank you! :)

Instagram @ana_self_diary 




ì•ˆë…•í•˜ì„¸ìš” Anaì…ë‹ˆë‹¤.

ì•„ë‚˜ì˜ ì˜ë¯¸ëŠ” ì œê°€ ì œì¼ ì¢‹ì•„í•˜ëŠ” ë””ì¦ˆë‹ˆ ìºë¦­í„° ëª¨ì•„ë‚˜ì—ì„œ ì‹œì‘ëœ ì´ë¦„ì…ë‹ˆë‹¤. 

ë˜í•œ ""ì•„ì´ì™€ ë‚˜""ì˜ ì˜ë¯¸ë¥¼ ë‹´ê³  ìˆê¸°ë„ í•©ë‹ˆë‹¤. 

í•­ìƒ ì•„ì´ì™€ ë‚˜ ëª¨ë‘ë¥¼ ìœ„í•´ ë™ì˜ìƒì„ ë§Œë“¤ê² ìŠµë‹ˆë‹¤.

ë‹¹ì‹ ë„ ì´ ì˜ìƒì„ ë³´ë©° í–‰ë³µí•˜ê¸¸ ë°”ëë‹ˆë‹¤.

ê°ì‚¬í•©ë‹ˆë‹¤^^


ì¸ìŠ¤íƒ€ê·¸ë¨ @ana_self_diary 


 
"
UCeKEl0FwodmXI0Sf6ThZmGQ,Kids Draw ,28500,19398958,196,"Art & English education channel for children.

Welcome to [Kidâ€™s Draw], where we blend the excitement of nature and animals with the joy of learning English vocabulary! Our channel is a fun-filled destination for kids to explore new words and express themselves, all while enjoying the beauty of the natural world. Dive in and discover a playful way to enhance your language skills!

This is a very small channel, so your support mean a lot to us! Please subscribe & like our channel if you like our videos.

Contents will be uploaded every Thursday :)

-----------------------------------------------

ì•„ë™ ë¯¸ìˆ /êµìœ¡ ì±„ë„ í‚¤ì¦ˆë“œë¡œìš° (Kids Draw)ì…ë‹ˆë‹¤.

ì—„ë§ˆì˜ ë§ˆìŒìœ¼ë¡œ ìš°ë¦¬ ì•„ì´ê°€ ì•ˆì‹¬í•˜ê³  ì‹œì²­í•  ìˆ˜ ìˆëŠ” 
ì„¬ì„¸í•˜ê³  ì•„ë¦„ë‹¤ìš´ ë¯¸ìˆ  ì½˜í…ì¸ ë¥¼ ë§Œë“­ë‹ˆë‹¤.
ì €ìê·¹ ë””ì§€í„¸ë“œë¡œì‰ì„ í†µí•´ ì•„ì´ê°€ ê·¸ë¦¼ì„ ê·¸ë ¤ì§€ê³  ì»¬ëŸ¬ë§ë˜ëŠ” ê³¼ì •ì„ ë³´ë©´ì„œ ì˜ˆìˆ ì ì¸ ê°ê°ì„ ê¹¨ìš°ê³  ì •í™•í•œ í•œê¸€ê³¼ ì˜ì–´ë¡œ ì‚¬ë¬¼ì˜ ì´ë¦„ì„ ê³µë¶€í•  ìˆ˜ ìˆë„ë¡ ë…¸ë ¥í•˜ê³  ìˆìŠµë‹ˆë‹¤.

ì‘ì€ ì±„ë„ì´ì§€ë§Œ ë§ì´ ì‚¬ë‘í•´ì£¼ì„¸ìš”!
êµ¬ë…ê³¼ ì¢‹ì•„ìš”ëŠ” ì°½ì‘ìì—ê²Œ í° í˜ì´ ë©ë‹ˆë‹¤!

ë§¤ì£¼ ëª©ìš”ì¼ PM12:00 ì—…ë¡œë“œ ë©ë‹ˆë‹¤ :)

-----------------------------------------------

#ì•„ë™#ë¯¸ìˆ #êµìœ¡#ì˜ì–´ê³µë¶€#learning english"
UCpsxCqG0PIUx75o36Si4ptA,Chaipang Kids,6590,10367219,156,"ğŸŒˆ Wecref Co., Ltd. aims to create a fantasy world for children around the world, both online and offline, by creating and providing 'highly informative, safe, and exciting content'.
ğŸ¦„ Chaipang Kids is a children's educational content that children from all over the world can learn on their own while playing, singing, and having fun with 'Chaipang Friends' in the 'Fantasy world of Chaipang'. 
ğŸ² Chaipang Kids is expanding its business area, focusing on educational content such as Chaipang Chinese, Chaipang Math, Chaipang English, and so on. 
ğŸ§œâ€â™€ï¸ In addition to producing children's educational content based on the app, we also enhance educational effectiveness by operating educational YouTube channels and publishing books and textbooks.
"
UCE61TG3ITuotoKib1D1mZAg,ìº”ì†¡í‚¤ì¦ˆ Can Song Kids,5170,1665507,166,
UCKawbGax0TrYBpQ1kVpaHBg,ì´í‹°ì˜¤ì¦ˆí‚¤ì¦ˆ  ETOZ Kids  ì–´ë¦°ì´ êµìœ¡,2280,1921410,785,"â€˜ì´í‹°ì˜¤ì¦ˆí‚¤ì¦ˆ(ETOZ Kids)â€™ëŠ”  ì–´ë¦°ì´ë“¤ì—ê²Œ ì¬ë¯¸ì™€ êµí›ˆì„ ì£¼ëŠ” 
ë…¸ë˜, ë™í™”, ìƒí™©ê·¹ ë“± êµìœ¡ì˜ìƒ ì½˜í…ì¸ ë¥¼ ì œê³µí•˜ê³  ìˆìŠµë‹ˆë‹¤. 
í¥ë¯¸ë¡œìš´ ì˜ìƒì€ ê¾¸ì¤€íˆ ì—…ë°ì´íŠ¸ë˜ë‹ˆ êµ¬ë…ì„ í†µí•´ ë§ì€ ì‹œì²­ê³¼ ì´ìš© ë°”ëë‹ˆë‹¤. 
ê°ì‚¬í•©ë‹ˆë‹¤ "
UCrvHguTfbaQBYOUJDMCVgkg,Don't Mess with My Kids ,100,990,19,"English Solicitor and Korean Attorney, Ph.D. in Law (former research professor at Korea University), and expert in legislative policy (drafting bills, authoring reports directly submitted to the President and Parliament) have verified 5,000 documents! 
Uncovering the hidden truth and mechanisms beneath political agendas with logical analysis! Learn both Korean and English (subtitles in both languages, comparison of Korean and English versions)! 
Insight of this era! 
Humor and entertainment infused with insightful criticism!

Protect our kids from political agendas!
Uphold the Bible & the Gospel with rationale!


í•œêµ­ & ì˜êµ­ ë³€í˜¸ì‚¬, ë²•í•™ë°•ì‚¬(ì „ ê³ ë ¤ëŒ€í•™êµ ì—°êµ¬êµìˆ˜) & ì…ë²•ì •ì±… ì „ë¬¸ê°€(ë³´ê³ ì„œ ëŒ€í†µë ¹, êµ­íšŒ ì§ì ‘ ë³´ê³ ë¨)ê°€ 5ì²œê°œ ë¬¸í—Œì„ ê²€ì¦!
ì •ì¹˜ì  ì•„ì  ë‹¤ ì´ë©´ì— ê°ì¶”ì–´ì§„ ì§„ì‹¤ê³¼ ë©”ì»¤ë‹ˆì¦˜ì„ íŒŒí—¤ì¹˜ëŠ” ë…¼ë¦¬!
í•œê¸€ê³¼ ê³ ê¸‰ ì˜ì–´ì˜ ìŠµë“ (í•œê¸€ & ì˜ì–´ ìë§‰, í•œê¸€ & ì˜ì–´ ë²„ì „ ë¹„êµ)!
ì‹œëŒ€ë¥¼ ê´€í†µí•˜ëŠ” ì§€í˜œ!
ë¹„í‰ì´ ë‹´ê¸´ ì¬ë¯¸ì™€ ìœ ë¨¸!

ì •ì¹˜ì  ì•„ì  ë‹¤ë¡œë¶€í„° ìš°ë¦¬ ì•„ì´ë“¤ì„ ì§€í‚¨ë‹¤!
ì´ì„±ì ìœ¼ë¡œ ì„±ê²½ê³¼ ë³µìŒë„ ì§€í‚¨ë‹¤!

email :  dmwmk0602@gmail.com
"
