channel_name,channel_id
Boram Tube Vlog [보람튜브 브이로그],UCU2zNeYhf9pi_wSqFbYE96w
BIBO와 장난감,UCL4r3zHKJpcJ0jEYSbobk1Q
Boram Tube ToysReview [보람튜브 토이리뷰],UC3pnQ7MHDABUFungNcMQ7dA
Like Nastya Collections,UCKtWpU7qXe9FxBPQwU7_W4g
서은일상이야기,UCraaN4FiNe7l3F4XR6s246A
핑크퐁 (인기 동요・동화),UCqXwKu6dKobXEQFhdKtiJLQ
DuDuPopTOY,UC7AmWE0eqBymIWwRnk8vmqg
토이몽 TV - ToyMong Tv,UC0vDCy8moGUhR7kRL19wWpw
Larva TUBA,UCph-WGR0oCbJDpaWmNHb5zg
Boram Tube [宝蓝和朋友们],UCJedRe-OQCN-75DhLmG3VPQ
서은이야기[SeoeunStory],UCVihezVtsguXEouYvtKmKYA
미니특공대TV,UCx4IY_sYVTL6RQu30Cprm8A
MariAndKids,UCPGFLUUESbnhkOTpIt71Awg
SonicToy소닉토이,UC2NvqL2gbWQXbfnLN7C9XFg
With Kids Playground [위드키즈 놀이터],UCnHCaT79--qqZKBSWoJq_NA
[장난감티비]TOYTV,UCtzr07Iifce7-48Kw1phdzg
미니팡TV,UCDuoZoikGpBAlX4BZBDdGtw
베이비버스 -인기 동요・동화,UCscjd-azZ1AqHxxrO6YDIQg
뽀로로(Pororo),UCPUeGC_AL-OnDQORKhRm6iA
PinkyPopTOY,UCUf7BpZJOP4YnfF2iVDt-_Q
콩순이 Kongsuni,UCI8RJKzD-Yo7X0hUwUdXt2w
스위트티비 SweetTV,UCnCXqo9jcQaHjW0iZM7tPOQ
TOY GUMA,UCobTjybs6aP0ECliVTqbmog
CoCosToy 꼬꼬스토이,UCfVd4ZgG0hwe3F0cqRTvUWQ
English Singsing,UCGwA4GjY4nGMIYvaJiA0EGA
ToyMart TV,UCbWPYsyJX1-7uvfOw3LkLqw
키즈팡TV,UCK2GFjc2PnRViSHRObX5nKA
깨비키즈 [KEBIKIDS],UCD_-N4vf-tsqbUxrQ4CrJIA
슈슈토이 ShushuToysReview,UC8vwuAB2iTT-lN_WOrjaSyw
헤이지니 Hey Jini,UCdet8uJfTFlACtY05BQmJ1Q
로미유 스토리 Romiyu Story,UCLB6-ZZk3ShmiqW7rQxkCNw
제이제이 튜브 [JJ Tube],UCjcjjOUxGWhGgrHM7kpTjyw
Lime Tube[라임튜브],UCxutPqfWSdYqaK8_tlc5PBA
EBS 키즈,UCx_dzPI6efSohgtOkAG43-A
티디키즈 (인기 동요・동화),UCqvhycZ4nzxTHU4RxHjYgWQ
유니가치 YuniGachi,UCCm2KbqcqCiHNdt4xD_Gzhg
EVANS,UCqjTqdVlvIipZXIKeCkHKUA
꼬마버스 타요,UCxUZwdsqshu2iLQwdEE6e7Q
Boys Playtime,UCCrGfO9A8eLdSsB4bWbMhTg
MariAndFriends,UCIAH4FXl2DQ4HmLupsyFiug
Milana FamilyShow[EN],UCAAyQrLDrcK0h1Ll3g8lURw
Boram y Juguetes,UCpXZCwwJ-4WGIXTxZBAZSKw
Lime Doodles,UCNBg4Cf6kf8bccKgYiYTbsA
럭키강이 LuckyKang i,UCDHIA4d_e4SOrODpU7nrVtA
리월드RIWORLD,UC7UbS3kToagugtwtcF2m3Fg
요올리Yoli,UCHW84cp8kDx9RGOJBtf9PUQ
Bob ToysReview,UCCqAU0_8JgGxZs_Hslyzn-Q
Adventure Story,UCbVe9XTYtziGGqXMZ6L6hCA
MariAndToys,UCMY30BnMbn6wElwLvDgcajw
Zorip - Nursery Rhymes,UC-YR_CCd3w5R9AUopxebsAw
"토닥토닥 꼬모 - 애니메이션, 동요, 놀이",UCVvke1BdYuZc7DYIAyDSQHQ
보라미TV BoramiTV,UCtluW96Vp3Z7tzvU1orf3Vw
베베핀 Bebefinn - 키즈 인기 동요,UC_Py3VQ4sjXHj1c4Rhb5ITw
주니토니 동요동화 - 키즈캐슬,UCuI7J9khfdYqzDN8nDriDxg
WildBrain 한국어,UC4qWDBnr9u2Ko7OGmELwv0A
캐릭온 TV,UCyn_E0ZE8RNOnYnF3lVaCOQ
브레드이발소,UCKBt6VowYGmBpXFf3rVhaQA
Toytube,UCUsMmW_66go_EbTK-KHwG5w
또봇 Tobot,UC1WEOQjm8tyT1pXY6xaoYZQ
호기! 핑크퐁 - 놀면서 배워요,UCJlNBdRJPnxsHjdaTNEqmOg
ToyFamily,UCxLOTgnqpSqQp_kMPlb7PWw
토이영어TV - ToyEnglishTV,UC3FZjXIZrUwnk6-xqL4Fgvg
Deokdae 장덕대,UC1EjtvDflBROblEaM1nMPWw
유라야놀자(Let's play YURA),UCx8IhwapX8E7uooFYJIeVZw
원더로그 WONDER LOG,UCJL4eKjZ3hPCtDvsWLh5Wng
캐리TV 장난감친구들,UCN106RQxroojNzkEMuRC0BA
Pink Ping World,UCV4gTxgaJ8R7zKNlcV428bg
오콘키즈,UCTibPQDoQUvx_OLrTaN492w
Dollightful,UCitKV0ebZVbtU2nIPihDGMQ
핑키팝토이,UCurhiEYP-yQBRF9XNFHg4Ug
두두팝토이,UC7AmWE0eqBymIWwRnk8vmqg
Clay Adventure 클레이 모험,UCu0Jph1U5x-2lk9u8LwpRWw
공대아빠 [Engineering dad],UCI55Yj9y3-5_vV7eW6qZHJA
지니키즈 Genikids (인기 동요・동화),UC-8xPSlb0xDYqSuIWcdcPAQ
뉴욕이네,UChEwXdVqiTrVOBiq4rOzfGA
꾹TV(Kkuk TV),UCbuks6fmwRefCTGg9aNwgeQ
헬로카봇 - hello carbot official,UC0SVqB_1E2Kgh3cx3Y8xtfA
자이언트 펭TV,UCtckgmUcpzqGnzcs7xEqMzQ
Super JoJo-인기동요,UCzn4afrl9JbfP6sVj5lPrYw
Paint Jelly,UCXAStWmQsy2wREbsmWZWMzg
프리티에스더 PrettyEsther,UCkrboHEREUVOaFNbuQ2taZg
Fy's 파이스,UClECKvorc7Ul-a_wWAeoWUg
리틀엔젤 인기동요 어린이노래 - Little Angel,UCeWLXCkbuiDi1EhQOoGoqDg
코코비 자동차,UCbmPYMvpO9yQBWrnHtNXI6A
브라보키즈,UCu6mog947IWOXL23AzKlImw
반짝반짝 달님이 Dalimi_Animation,UCXB3QDMncTKZFsGrd11zviw
리틀신비🎵 | 키즈 율동 동요,UCbXvj_H3xn3J0j-9Fh75Z3w
little harmony,UC3dt8G_iIiZXijtaaLgo1HA
말랑이랑 with a malang,UC73TQ6-uoMkmpdJuwE6A2CA
뽀로로와 노래해요 (뽀로로 • 타요 인기동요),UCi0mZC22Uj3ww0w9KtkPgZQ
뚜아뚜지TV,UCbbC0FaznmgJDuehIuQvYMA
사업하는철학자김성진,UCGyP8vBIV9gX8xWc4g-ZlCA
로보카폴리 TV,UCiMpBxWnunMYzRUc2NDh33A
나나의인형놀이 Nana'sDollPlay,UCFDT0B0Ud2hWrxweDLMrEHg
티니핑TV,UCtm_ppWxsfRzxaYXMA2bqMw
해피팸(Happy family),UCfYBSrfvB-ArSvsQGljQ-7w
키글 토이 - 키즈 장난감,UC_2A01cxTT0-LvUkB6ZvtJw
핑크퐁! 아기상어 올리,UC-9Tn-iH6W_187YwCOf7CGw
BloxJC,UCxUayFyqiLa5PbcspHsw9Ag
우가놀이 WOOGA play,UCGIMrHcc36a_nMZM202ZoDQ
